user_id,nome,nome,responsavel,documento,telefone,email,cidade,uf,regiao,culturas,cluster,area_total,tipo_solo,praga_comum,safra_principal
user_1,Cooperativa São João da Lima,Cooperativa São João da Lima,Leonardo Lima,154.171.609-44,(15) 65524-5576,cooperativasãojoãodalima@ruraltec.com.br,Cidade SC,SC,Outra,Algodão / Cana-de-Açúcar,SILVER,1800,Argissolo,Cigarrinha / Ferrugem,Nov-Abr
user_10,Sítio Ouro do Rocha,Sítio Ouro do Rocha,Olivia Rocha,929.861.623-60,(89) 67039-6637,sítioourodorocha@fazenda.com.br,Cidade RR,RR,Norte,Algodão / Cana-de-Açúcar,SILVER,2400,Neossolo,Nematoides / Lagarta,Nov-Abr
user_100,Granja Lider da Almeida,Granja Lider da Almeida,Igor Almeida,004.664.849-47,(21) 63928-4713,granjaliderdaalmeida@fazenda.com.br,Cidade RN,RN,Nordeste,Cana-de-Açúcar / Algodão,GOLD,2600,Latossolo Amarelo,Nematoides / Percevejos,Out-Mar
user_101,Chácara Esperança do Souza,Chácara Esperança do Souza,Daniela Souza,556.649.635-30,(48) 35581-2597,chácaraesperançadosouza@agrocorp.com.br,Cidade MG,MG,Outra,Soja,PLATINUM,1200,Latossolo Vermelho,Nematoides / Cigarrinha,Nov-Abr
user_102,Chácara Boa Vista do Costa,Chácara Boa Vista do Costa,Eduardo Costa,233.132.947-39,(60) 69072-1605,chácaraboavistadocosta@ruraltec.com.br,Cidade RS,RS,Outra,Trigo / Cana-de-Açúcar,DIAMOND,3700,Terra Roxa,Percevejos,Nov-Abr
user_103,Sítio Esperança da Cardoso,Sítio Esperança da Cardoso,Júlia Cardoso,231.887.260-19,(16) 49359-1469,sítioesperançadacardoso@fazenda.com.br,Cidade BA,BA,Nordeste,Soja / Cana-de-Açúcar,GOLD,1800,Latossolo Amarelo,Percevejos,Set-Fev
user_104,Chácara Ouro do Costa EIRELI,Chácara Ouro do Costa EIRELI,Renata Costa,815.610.700-49,(25) 37285-4292,chácaraourodocosta@ruraltec.com.br,Cidade PB,PB,Outra,Algodão / Milho,SILVER,1800,Neossolo,Cigarrinha / Ferrugem,Abr-Ago
user_105,Chácara São João do Cardoso Rural,Chácara São João do Cardoso Rural,Igor Cardoso,609.154.394-16,(11) 62068-1031,chácarasãojoãodocardosorural@ruraltec.com.br,Cidade AP,AP,Outra,Café,DIAMOND,2100,Latossolo Amarelo,Ferrugem / Cigarrinha,Abr-Ago
user_106,Cooperativa Esperança do Cardoso,Cooperativa Esperança do Cardoso,Karen Cardoso,893.970.668-62,(28) 87729-6918,cooperativaesperançadocardoso@ruraltec.com.br,Sorriso,GO,Centro-Oeste,Soja / Milho,SILVER,2200,Terra Roxa,Percevejos / Lagarta,Set-Fev
user_107,Cooperativa Ouro do Ribeiro,Cooperativa Ouro do Ribeiro,Bruno Ribeiro,462.761.206-38,(60) 60821-6090,cooperativaourodoribeiro@fazenda.com.br,Cidade PE,PE,Nordeste,Cana-de-Açúcar / Soja,PLATINUM,1100,Terra Roxa,Cigarrinha / Nematoides,Out-Mar
user_108,Cooperativa Ouro do Pereira & Filhos,Cooperativa Ouro do Pereira & Filhos,Daniela Pereira,484.130.349-51,(23) 62023-4076,cooperativaourodopereirafilhos@agrocorp.com.br,Cidade PB,PB,Outra,Trigo,GOLD,2500,Latossolo Amarelo,Lagarta / Cigarrinha,Nov-Abr
user_109,Sítio Esperança da Melo,Sítio Esperança da Melo,Paulo Melo,250.023.058-76,(96) 53026-1149,sítioesperançadamelo@agrocorp.com.br,Cidade BA,BA,Nordeste,Café,SILVER,800,Latossolo Vermelho,Ferrugem / Lagarta,Set-Fev
user_11,Fazenda Horizonte da Oliveira,Fazenda Horizonte da Oliveira,Helena Oliveira,260.292.753-78,(89) 22084-9805,fazendahorizontedaoliveira@ruraltec.com.br,Cidade TO,TO,Outra,Algodão,PLATINUM,1500,Argissolo,Percevejos / Cigarrinha,Abr-Ago
user_110,Agropecuária Boa Vista da Rocha,Agropecuária Boa Vista da Rocha,Vinicius Rocha,942.237.261-84,(82) 27339-1547,agropecuáriaboavistadarocha@ruraltec.com.br,Cidade ES,ES,Outra,Café,SILVER,2400,Argissolo,Ferrugem,Set-Fev
user_111,Chácara Verde da Silva Rural,Chácara Verde da Silva Rural,Daniela Silva,982.074.646-59,(23) 53696-9916,chácaraverdedasilvarural@agrocorp.com.br,Cidade SP,SP,Sudeste,Trigo / Soja,SILVER,500,Latossolo Amarelo,Lagarta,Abr-Ago
user_112,Granja Progresso do Gomes,Granja Progresso do Gomes,Mariana Gomes,344.995.105-53,(38) 69312-4431,granjaprogressodogomes@agrocorp.com.br,Cidade PR,PR,Sul,Soja / Milho,PLATINUM,2300,Latossolo Amarelo,Percevejos / Lagarta,Nov-Abr
user_113,Fazenda Boa Vista do Lima,Fazenda Boa Vista do Lima,Vinicius Lima,791.883.738-93,(50) 13501-3742,fazendaboavistadolima@agrocorp.com.br,Cidade AL,AL,Outra,Algodão,PLATINUM,700,Latossolo Vermelho,Lagarta / Ferrugem,Abr-Ago
user_114,Fazenda Lider da Nascimento,Fazenda Lider da Nascimento,Igor Nascimento,608.952.827-30,(73) 67268-0459,fazendaliderdanascimento@ruraltec.com.br,Cidade PI,PI,Nordeste,Milho / Soja,GOLD,2500,Latossolo Amarelo,Nematoides / Ferrugem,Out-Mar
user_115,Cooperativa Boa Vista da Melo,Cooperativa Boa Vista da Melo,Olivia Melo,582.272.346-96,(65) 43663-6650,cooperativaboavistadamelo@fazenda.com.br,Cidade MA,MA,Outra,Milho / Trigo,SILVER,1200,Neossolo,Lagarta / Ferrugem,Set-Fev
user_116,Cooperativa Esperança da Costa,Cooperativa Esperança da Costa,Helena Costa,071.884.667-30,(74) 56734-0551,cooperativaesperançadacosta@fazenda.com.br,Cidade PR,PR,Sul,Café,SILVER,1300,Latossolo Vermelho,Cigarrinha / Percevejos,Set-Fev
user_117,Agropecuária Boa Vista da Costa,Agropecuária Boa Vista da Costa,Yasmin Costa,525.076.628-36,(62) 98535-5205,agropecuáriaboavistadacosta@ruraltec.com.br,Cidade ES,ES,Outra,Soja,DIAMOND,1600,Terra Roxa,Lagarta,Nov-Abr
user_118,Cooperativa Esperança da Gomes LTDA,Cooperativa Esperança da Gomes LTDA,Rafael Gomes,563.321.615-83,(52) 81189-5222,cooperativaesperançadagomes@fazenda.com.br,Cidade PA,PA,Norte,Soja / Milho,GOLD,2500,Latossolo Vermelho,Percevejos,Out-Mar
user_119,Agropecuária Ouro do Ribeiro,Agropecuária Ouro do Ribeiro,Igor Ribeiro,100.257.197-62,(38) 69043-8692,agropecuáriaourodoribeiro@ruraltec.com.br,Cidade AL,AL,Outra,Cana-de-Açúcar,DIAMOND,3400,Neossolo,Lagarta / Percevejos,Nov-Abr
user_12,Cooperativa Boa Vista do Souza,Cooperativa Boa Vista do Souza,Daniela Souza,636.542.990-90,(29) 35465-3699,cooperativaboavistadosouza@fazenda.com.br,Lucas do Rio Verde,MT,Centro-Oeste,Trigo,SILVER,1200,Argissolo,Lagarta,Nov-Abr
user_120,Sítio São João do Souza,Sítio São João do Souza,Daniela Souza,851.069.908-06,(47) 71896-2780,sítiosãojoãodosouza@ruraltec.com.br,Cidade BA,BA,Nordeste,Algodão,GOLD,1200,Terra Roxa,Nematoides,Abr-Ago
user_121,Cooperativa Ouro do Ferreira,Cooperativa Ouro do Ferreira,Tatiana Ferreira,991.156.405-00,(18) 77284-0268,cooperativaourodoferreira@ruraltec.com.br,Cidade RR,RR,Norte,Algodão,DIAMOND,2900,Latossolo Vermelho,Lagarta / Ferrugem,Set-Fev
user_122,Sítio Horizonte da Gomes,Sítio Horizonte da Gomes,Nicolas Gomes,517.115.754-10,(74) 90575-9750,sítiohorizontedagomes@fazenda.com.br,Cidade PB,PB,Outra,Milho / Café,DIAMOND,1000,Terra Roxa,Percevejos / Ferrugem,Out-Mar
user_123,Fazenda Progresso da Ribeiro,Fazenda Progresso da Ribeiro,Carlos Ribeiro,002.897.843-48,(86) 87165-6803,fazendaprogressodaribeiro@ruraltec.com.br,Cidade RO,RO,Outra,Soja,DIAMOND,2100,Neossolo,Lagarta / Ferrugem,Out-Mar
user_124,Sítio Esperança do Souza,Sítio Esperança do Souza,Clara Souza,452.381.560-95,(33) 97359-9068,sítioesperançadosouza@ruraltec.com.br,Cidade RJ,RJ,Outra,Cana-de-Açúcar / Milho,PLATINUM,2300,Argissolo,Lagarta,Set-Fev
user_125,Agropecuária Boa Vista do Cardoso,Agropecuária Boa Vista do Cardoso,Vinicius Cardoso,821.170.958-70,(61) 24344-4156,agropecuáriaboavistadocardoso@agrocorp.com.br,Cidade PR,PR,Sul,Cana-de-Açúcar / Milho,SILVER,2000,Latossolo Vermelho,Lagarta / Nematoides,Nov-Abr
user_126,Chácara Boa Vista do Rocha,Chácara Boa Vista do Rocha,Tatiana Rocha,242.043.586-54,(12) 66647-1670,chácaraboavistadorocha@fazenda.com.br,Cidade RR,RR,Norte,Algodão,DIAMOND,3400,Neossolo,Nematoides,Nov-Abr
user_127,Cooperativa Horizonte da Souza LTDA,Cooperativa Horizonte da Souza LTDA,Olivia Souza,616.002.522-90,(77) 88697-3017,cooperativahorizontedasouza@agrocorp.com.br,Cidade RO,RO,Outra,Algodão / Cana-de-Açúcar,DIAMOND,2500,Latossolo Amarelo,Cigarrinha,Abr-Ago
user_128,Agropecuária Lider do Ribeiro,Agropecuária Lider do Ribeiro,Tatiana Ribeiro,939.507.871-62,(63) 12675-1773,agropecuárialiderdoribeiro@agrocorp.com.br,Cidade AC,AC,Outra,Milho / Café,GOLD,1700,Terra Roxa,Nematoides / Ferrugem,Abr-Ago
user_129,Chácara São João do Almeida,Chácara São João do Almeida,Gabriel Almeida,201.704.703-04,(22) 90271-9902,chácarasãojoãodoalmeida@fazenda.com.br,Cidade CE,CE,Outra,Trigo,PLATINUM,1500,Neossolo,Percevejos / Cigarrinha,Abr-Ago
user_13,Granja Boa Vista da Lima,Granja Boa Vista da Lima,Mariana Lima,800.652.158-93,(92) 33873-2961,granjaboavistadalima@ruraltec.com.br,Cidade RO,RO,Outra,Milho / Algodão,DIAMOND,1700,Argissolo,Percevejos / Nematoides,Nov-Abr
user_130,Granja Progresso da Silva & Filhos,Granja Progresso da Silva & Filhos,Júlia Silva,804.055.158-26,(69) 20206-4192,granjaprogressodasilvafilhos@ruraltec.com.br,Cidade RS,RS,Outra,Milho,PLATINUM,800,Argissolo,Cigarrinha / Lagarta,Abr-Ago
user_131,Fazenda Verde do Rocha,Fazenda Verde do Rocha,Karen Rocha,713.935.519-28,(72) 18883-8919,fazendaverdedorocha@fazenda.com.br,Cidade AL,AL,Outra,Café,SILVER,1000,Latossolo Vermelho,Percevejos / Ferrugem,Set-Fev
user_132,Sítio São João da Costa & Filhos,Sítio São João da Costa & Filhos,Igor Costa,002.252.309-15,(77) 63535-8739,sítiosãojoãodacostafilhos@agrocorp.com.br,Lucas do Rio Verde,MS,Centro-Oeste,Café,DIAMOND,2500,Latossolo Vermelho,Ferrugem / Nematoides,Set-Fev
user_133,Granja Lider do Souza,Granja Lider do Souza,Vinicius Souza,622.004.396-42,(30) 52539-9578,granjaliderdosouza@fazenda.com.br,Cidade SE,SE,Outra,Milho / Cana-de-Açúcar,GOLD,1400,Terra Roxa,Nematoides,Set-Fev
user_134,Sítio Esperança do Nascimento LTDA,Sítio Esperança do Nascimento LTDA,Tatiana Nascimento,652.136.798-90,(70) 26557-6950,sítioesperançadonascimento@agrocorp.com.br,Cidade RO,RO,Outra,Milho / Cana-de-Açúcar,DIAMOND,2400,Neossolo,Nematoides / Ferrugem,Nov-Abr
user_135,Sítio Horizonte da Souza,Sítio Horizonte da Souza,Olivia Souza,971.206.501-54,(12) 77930-0231,sítiohorizontedasouza@ruraltec.com.br,Cidade AC,AC,Outra,Algodão / Trigo,GOLD,1900,Terra Roxa,Percevejos,Out-Mar
user_136,Fazenda Verde do Almeida Agro,Fazenda Verde do Almeida Agro,Rafael Almeida,357.942.423-09,(49) 19187-1084,fazendaverdedoalmeidaagro@agrocorp.com.br,Cidade AL,AL,Outra,Café / Algodão,DIAMOND,2600,Latossolo Vermelho,Percevejos,Nov-Abr
user_137,Chácara Lider do Martins,Chácara Lider do Martins,Mariana Martins,732.748.618-20,(83) 62745-5025,chácaraliderdomartins@ruraltec.com.br,Cidade PI,PI,Nordeste,Café,GOLD,2400,Neossolo,Cigarrinha,Set-Fev
user_138,Sítio São João da Cardoso,Sítio São João da Cardoso,Vinicius Cardoso,289.571.222-91,(42) 61591-4444,sítiosãojoãodacardoso@fazenda.com.br,Cidade PE,PE,Nordeste,Milho / Soja,DIAMOND,1000,Latossolo Amarelo,Percevejos / Nematoides,Nov-Abr
user_139,Cooperativa Lider do Pereira,Cooperativa Lider do Pereira,Mariana Pereira,377.496.541-27,(29) 31282-8855,cooperativaliderdopereira@fazenda.com.br,Cidade DF,DF,Outra,Café,SILVER,500,Argissolo,Ferrugem,Abr-Ago
user_14,Cooperativa Verde da Ferreira,Cooperativa Verde da Ferreira,Ana Ferreira,400.061.995-90,(42) 64558-0516,cooperativaverdedaferreira@ruraltec.com.br,Sorriso,MS,Centro-Oeste,Cana-de-Açúcar / Algodão,GOLD,1400,Latossolo Amarelo,Ferrugem / Lagarta,Nov-Abr
user_140,Fazenda Horizonte do Lima,Fazenda Horizonte do Lima,Vinicius Lima,992.897.506-49,(86) 90745-6907,fazendahorizontedolima@ruraltec.com.br,Cidade CE,CE,Outra,Soja,SILVER,500,Terra Roxa,Cigarrinha,Out-Mar
user_141,Fazenda Lider do Nascimento,Fazenda Lider do Nascimento,Helena Nascimento,481.214.981-22,(63) 85934-9293,fazendaliderdonascimento@agrocorp.com.br,Cidade RJ,RJ,Outra,Algodão,PLATINUM,600,Argissolo,Cigarrinha,Set-Fev
user_142,Fazenda Boa Vista da Nascimento,Fazenda Boa Vista da Nascimento,Leonardo Nascimento,243.200.975-33,(33) 98157-4390,fazendaboavistadanascimento@ruraltec.com.br,Cidade PA,PA,Norte,Trigo / Cana-de-Açúcar,SILVER,700,Latossolo Amarelo,Lagarta / Cigarrinha,Nov-Abr
user_143,Cooperativa Lider da Pereira,Cooperativa Lider da Pereira,Rafael Pereira,767.031.408-65,(30) 73311-0677,cooperativaliderdapereira@agrocorp.com.br,Cidade MG,MG,Outra,Cana-de-Açúcar / Soja,GOLD,1500,Argissolo,Ferrugem / Lagarta,Out-Mar
user_144,Granja Esperança da Ferreira,Granja Esperança da Ferreira,Mariana Ferreira,900.321.674-15,(99) 63077-3662,granjaesperançadaferreira@ruraltec.com.br,Cidade SC,SC,Outra,Algodão / Trigo,PLATINUM,2300,Argissolo,Ferrugem,Abr-Ago
user_145,Sítio Progresso da Cardoso LTDA,Sítio Progresso da Cardoso LTDA,Fernanda Cardoso,624.999.552-91,(71) 73669-7655,sítioprogressodacardoso@ruraltec.com.br,Cidade AL,AL,Outra,Café,DIAMOND,1900,Terra Roxa,Nematoides,Out-Mar
user_146,Chácara Horizonte da Barbosa,Chácara Horizonte da Barbosa,Bruno Barbosa,888.350.506-40,(40) 31687-6042,chácarahorizontedabarbosa@ruraltec.com.br,Cidade ES,ES,Outra,Trigo / Algodão,GOLD,1400,Latossolo Amarelo,Ferrugem / Cigarrinha,Out-Mar
user_147,Cooperativa Lider do Silva,Cooperativa Lider do Silva,Mariana Silva,327.183.896-54,(39) 35278-9995,cooperativaliderdosilva@agrocorp.com.br,Cidade AM,AM,Outra,Algodão / Trigo,GOLD,1400,Terra Roxa,Nematoides / Lagarta,Nov-Abr
user_148,Cooperativa Progresso do Martins,Cooperativa Progresso do Martins,Olivia Martins,891.227.022-11,(20) 70874-5835,cooperativaprogressodomartins@agrocorp.com.br,Cidade AL,AL,Outra,Algodão / Cana-de-Açúcar,SILVER,800,Latossolo Vermelho,Lagarta,Abr-Ago
user_149,Cooperativa Lider da Oliveira,Cooperativa Lider da Oliveira,Nicolas Oliveira,992.644.136-59,(18) 42488-5010,cooperativaliderdaoliveira@agrocorp.com.br,Cidade AL,AL,Outra,Trigo,GOLD,2900,Argissolo,Lagarta / Percevejos,Nov-Abr
user_15,Fazenda Ouro da Gomes LTDA,Fazenda Ouro da Gomes LTDA,Mariana Gomes,198.849.822-05,(74) 81204-1312,fazendaourodagomes@fazenda.com.br,Cidade DF,DF,Outra,Soja / Café,SILVER,700,Latossolo Amarelo,Ferrugem,Out-Mar
user_150,Cooperativa Esperança da Pereira,Cooperativa Esperança da Pereira,Daniela Pereira,007.353.247-52,(72) 39911-9985,cooperativaesperançadapereira@agrocorp.com.br,Rondonópolis,GO,Centro-Oeste,Trigo,GOLD,1000,Terra Roxa,Nematoides / Cigarrinha,Set-Fev
user_151,Fazenda Progresso do Cardoso,Fazenda Progresso do Cardoso,Ana Cardoso,762.440.376-52,(56) 55551-1876,fazendaprogressodocardoso@ruraltec.com.br,Cidade AM,AM,Outra,Algodão,SILVER,1500,Argissolo,Lagarta / Ferrugem,Set-Fev
user_152,Cooperativa São João da Silva,Cooperativa São João da Silva,Mariana Silva,261.719.957-06,(70) 37635-1311,cooperativasãojoãodasilva@fazenda.com.br,Cidade AL,AL,Outra,Cana-de-Açúcar / Algodão,DIAMOND,2100,Neossolo,Ferrugem / Cigarrinha,Set-Fev
user_153,Fazenda Verde do Costa,Fazenda Verde do Costa,Fernanda Costa,524.302.118-98,(89) 32462-8558,fazendaverdedocosta@ruraltec.com.br,Cidade RN,RN,Nordeste,Trigo / Soja,GOLD,2200,Latossolo Vermelho,Ferrugem,Set-Fev
user_154,Cooperativa Boa Vista do Costa,Cooperativa Boa Vista do Costa,Yasmin Costa,596.256.532-31,(77) 13392-5363,cooperativaboavistadocosta@agrocorp.com.br,Cidade MA,MA,Outra,Soja,GOLD,1500,Latossolo Vermelho,Percevejos / Lagarta,Abr-Ago
user_155,Granja Ouro da Pereira,Granja Ouro da Pereira,Júlia Pereira,646.945.256-72,(95) 41763-6177,granjaourodapereira@ruraltec.com.br,Cidade RN,RN,Nordeste,Milho / Soja,PLATINUM,1400,Neossolo,Cigarrinha / Percevejos,Out-Mar
user_156,Fazenda Ouro da Barbosa,Fazenda Ouro da Barbosa,Carlos Barbosa,128.004.728-94,(75) 48587-0005,fazendaourodabarbosa@fazenda.com.br,Cidade AP,AP,Outra,Milho,PLATINUM,1300,Argissolo,Nematoides / Ferrugem,Abr-Ago
user_157,Granja Boa Vista da Ribeiro,Granja Boa Vista da Ribeiro,Tatiana Ribeiro,956.255.492-01,(53) 81343-2009,granjaboavistadaribeiro@fazenda.com.br,Cidade PE,PE,Nordeste,Algodão / Milho,PLATINUM,1000,Latossolo Vermelho,Cigarrinha / Ferrugem,Out-Mar
user_158,Granja Boa Vista da Almeida,Granja Boa Vista da Almeida,Tatiana Almeida,102.537.457-88,(67) 59684-4741,granjaboavistadaalmeida@ruraltec.com.br,Cidade PB,PB,Outra,Trigo / Milho,PLATINUM,900,Argissolo,Ferrugem / Cigarrinha,Abr-Ago
user_159,Sítio Horizonte da Costa,Sítio Horizonte da Costa,Leonardo Costa,306.684.752-01,(21) 37719-7191,sítiohorizontedacosta@agrocorp.com.br,Cidade BA,BA,Nordeste,Trigo,SILVER,1000,Neossolo,Ferrugem / Nematoides,Out-Mar
user_16,Cooperativa Ouro do Costa LTDA,Cooperativa Ouro do Costa LTDA,Clara Costa,633.902.103-10,(54) 10935-8943,cooperativaourodocosta@ruraltec.com.br,Goiânia,MT,Centro-Oeste,Milho,DIAMOND,2200,Latossolo Amarelo,Ferrugem,Out-Mar
user_160,Cooperativa Horizonte da Barbosa,Cooperativa Horizonte da Barbosa,Júlia Barbosa,678.889.162-37,(18) 62621-6221,cooperativahorizontedabarbosa@ruraltec.com.br,Cidade AC,AC,Outra,Cana-de-Açúcar / Algodão,DIAMOND,2000,Argissolo,Ferrugem / Percevejos,Nov-Abr
user_161,Sítio Boa Vista do Ferreira,Sítio Boa Vista do Ferreira,Karen Ferreira,081.904.481-70,(50) 29040-7341,sítioboavistadoferreira@ruraltec.com.br,Cidade MA,MA,Outra,Algodão / Cana-de-Açúcar,DIAMOND,3500,Latossolo Vermelho,Cigarrinha / Nematoides,Out-Mar
user_162,Cooperativa São João da Almeida,Cooperativa São João da Almeida,Fernanda Almeida,529.721.053-86,(66) 49616-3739,cooperativasãojoãodaalmeida@agrocorp.com.br,Cidade RS,RS,Outra,Milho,DIAMOND,2600,Latossolo Amarelo,Ferrugem,Set-Fev
user_163,Sítio Lider da Oliveira,Sítio Lider da Oliveira,Daniela Oliveira,802.802.862-61,(94) 50813-1000,sítioliderdaoliveira@fazenda.com.br,Cidade TO,TO,Outra,Cana-de-Açúcar / Algodão,PLATINUM,2200,Neossolo,Ferrugem / Nematoides,Abr-Ago
user_164,Cooperativa Verde da Costa,Cooperativa Verde da Costa,Samuel Costa,221.028.465-33,(28) 91910-9205,cooperativaverdedacosta@agrocorp.com.br,Cidade AP,AP,Outra,Soja,SILVER,1500,Neossolo,Nematoides / Percevejos,Nov-Abr
user_165,Agropecuária Boa Vista do Barbosa,Agropecuária Boa Vista do Barbosa,Clara Barbosa,978.001.600-56,(24) 27654-9094,agropecuáriaboavistadobarbosa@agrocorp.com.br,Cidade RR,RR,Norte,Cana-de-Açúcar / Algodão,GOLD,2500,Argissolo,Ferrugem,Abr-Ago
user_166,Sítio Lider da Rocha EIRELI,Sítio Lider da Rocha EIRELI,Paulo Rocha,310.750.632-07,(84) 92310-3744,sítioliderdarocha@ruraltec.com.br,Cidade RS,RS,Outra,Trigo,PLATINUM,1200,Terra Roxa,Nematoides / Lagarta,Nov-Abr
user_167,Sítio São João do Ribeiro,Sítio São João do Ribeiro,Olivia Ribeiro,476.239.493-05,(98) 84408-3485,sítiosãojoãodoribeiro@fazenda.com.br,Cidade PA,PA,Norte,Trigo / Algodão,PLATINUM,1100,Argissolo,Cigarrinha / Lagarta,Out-Mar
user_168,Chácara Ouro do Oliveira Rural,Chácara Ouro do Oliveira Rural,Nicolas Oliveira,952.865.509-06,(15) 45941-6829,chácaraourodooliveirarural@agrocorp.com.br,Cidade MA,MA,Outra,Cana-de-Açúcar / Trigo,GOLD,1200,Terra Roxa,Ferrugem / Cigarrinha,Abr-Ago
user_169,Agropecuária Horizonte da Melo EIRELI,Agropecuária Horizonte da Melo EIRELI,Helena Melo,361.932.363-77,(99) 82266-5113,agropecuáriahorizontedamelo@agrocorp.com.br,Cidade RS,RS,Outra,Milho / Café,SILVER,2400,Argissolo,Percevejos,Out-Mar
user_17,Chácara Progresso da Souza,Chácara Progresso da Souza,Júlia Souza,166.807.636-44,(35) 23476-5140,chácaraprogressodasouza@agrocorp.com.br,Cidade MA,MA,Outra,Milho,DIAMOND,2400,Latossolo Vermelho,Nematoides / Lagarta,Out-Mar
user_170,Fazenda Verde do Souza,Fazenda Verde do Souza,Samuel Souza,892.502.605-86,(92) 89688-5812,fazendaverdedosouza@fazenda.com.br,Cidade AP,AP,Outra,Soja,SILVER,2000,Latossolo Vermelho,Lagarta,Nov-Abr
user_171,Fazenda Lider da Souza,Fazenda Lider da Souza,Nicolas Souza,694.424.736-87,(93) 84236-6375,fazendaliderdasouza@ruraltec.com.br,Cidade RO,RO,Outra,Algodão,GOLD,2600,Terra Roxa,Cigarrinha,Abr-Ago
user_172,Chácara Verde do Martins,Chácara Verde do Martins,Ana Martins,397.371.229-22,(39) 23012-5305,chácaraverdedomartins@fazenda.com.br,Cidade PB,PB,Outra,Milho,SILVER,1700,Terra Roxa,Lagarta / Nematoides,Set-Fev
user_173,Agropecuária Horizonte do Rocha,Agropecuária Horizonte do Rocha,Yasmin Rocha,641.325.242-91,(76) 73136-6314,agropecuáriahorizontedorocha@fazenda.com.br,Cidade AL,AL,Outra,Milho / Café,SILVER,2000,Terra Roxa,Ferrugem,Out-Mar
user_174,Fazenda Ouro do Nascimento,Fazenda Ouro do Nascimento,Karen Nascimento,431.780.938-59,(39) 72183-4818,fazendaourodonascimento@agrocorp.com.br,Cidade RO,RO,Outra,Trigo / Algodão,SILVER,900,Latossolo Vermelho,Ferrugem / Nematoides,Set-Fev
user_175,Cooperativa Progresso do Melo,Cooperativa Progresso do Melo,Olivia Melo,372.316.241-75,(25) 56954-1886,cooperativaprogressodomelo@agrocorp.com.br,Cidade PA,PA,Norte,Algodão,GOLD,1900,Latossolo Vermelho,Nematoides / Percevejos,Set-Fev
user_176,Fazenda Esperança do Lima Comércio,Fazenda Esperança do Lima Comércio,Vinicius Lima,825.887.718-21,(69) 34712-6454,fazendaesperançadolimacomércio@fazenda.com.br,Cidade DF,DF,Outra,Soja,PLATINUM,900,Latossolo Amarelo,Ferrugem,Nov-Abr
user_177,Fazenda São João do Barbosa,Fazenda São João do Barbosa,Olivia Barbosa,006.930.558-00,(32) 23597-1079,fazendasãojoãodobarbosa@fazenda.com.br,Rondonópolis,GO,Centro-Oeste,Café / Soja,SILVER,1100,Terra Roxa,Ferrugem / Lagarta,Nov-Abr
user_178,Cooperativa Esperança do Pereira,Cooperativa Esperança do Pereira,Vinicius Pereira,799.690.938-03,(87) 45640-9611,cooperativaesperançadopereira@agrocorp.com.br,Cidade ES,ES,Outra,Cana-de-Açúcar / Café,DIAMOND,3400,Latossolo Amarelo,Nematoides,Set-Fev
user_179,Cooperativa Horizonte da Almeida,Cooperativa Horizonte da Almeida,Júlia Almeida,043.975.913-28,(44) 88946-9812,cooperativahorizontedaalmeida@ruraltec.com.br,Cidade RJ,RJ,Outra,Soja,PLATINUM,1300,Terra Roxa,Nematoides / Lagarta,Abr-Ago
user_18,Sítio Boa Vista do Ribeiro Rural,Sítio Boa Vista do Ribeiro Rural,Júlia Ribeiro,094.526.042-27,(19) 62085-5795,sítioboavistadoribeirorural@fazenda.com.br,Campo Grande,MS,Centro-Oeste,Milho / Algodão,GOLD,2500,Latossolo Vermelho,Nematoides / Percevejos,Out-Mar
user_180,Sítio Lider da Ribeiro,Sítio Lider da Ribeiro,Yasmin Ribeiro,290.180.253-36,(78) 76473-1493,sítioliderdaribeiro@fazenda.com.br,Cidade CE,CE,Outra,Trigo / Café,GOLD,2200,Latossolo Vermelho,Lagarta,Set-Fev
user_181,Chácara Boa Vista do Silva,Chácara Boa Vista do Silva,Leonardo Silva,198.488.618-37,(28) 67933-0101,chácaraboavistadosilva@fazenda.com.br,Cidade MA,MA,Outra,Café,SILVER,2200,Terra Roxa,Ferrugem,Abr-Ago
user_182,Chácara Esperança do Gomes,Chácara Esperança do Gomes,Nicolas Gomes,731.957.398-64,(24) 85854-3082,chácaraesperançadogomes@agrocorp.com.br,Cidade SE,SE,Outra,Trigo,DIAMOND,3700,Latossolo Amarelo,Percevejos / Ferrugem,Nov-Abr
user_183,Sítio Progresso do Ribeiro,Sítio Progresso do Ribeiro,Igor Ribeiro,463.814.014-94,(99) 75752-8208,sítioprogressodoribeiro@agrocorp.com.br,Lucas do Rio Verde,MT,Centro-Oeste,Café,GOLD,1800,Terra Roxa,Percevejos / Lagarta,Nov-Abr
user_184,Cooperativa Ouro da Barbosa,Cooperativa Ouro da Barbosa,Ana Barbosa,163.088.882-44,(74) 33325-2439,cooperativaourodabarbosa@agrocorp.com.br,Cidade BA,BA,Nordeste,Café / Trigo,GOLD,700,Terra Roxa,Lagarta / Nematoides,Nov-Abr
user_185,Granja Horizonte do Pereira,Granja Horizonte do Pereira,Paulo Pereira,822.100.421-55,(74) 99138-3134,granjahorizontedopereira@fazenda.com.br,Cidade ES,ES,Outra,Milho / Cana-de-Açúcar,PLATINUM,2300,Neossolo,Ferrugem / Cigarrinha,Nov-Abr
user_186,Granja Verde do Melo,Granja Verde do Melo,Renata Melo,333.745.631-91,(96) 95246-7937,granjaverdedomelo@agrocorp.com.br,Cidade RS,RS,Outra,Soja / Café,GOLD,2300,Terra Roxa,Percevejos / Lagarta,Out-Mar
user_187,Granja São João do Melo,Granja São João do Melo,Nicolas Melo,036.333.920-13,(62) 92082-7493,granjasãojoãodomelo@ruraltec.com.br,Cidade MG,MG,Outra,Soja,GOLD,2900,Neossolo,Nematoides / Ferrugem,Nov-Abr
user_188,Fazenda Esperança da Gomes Agro,Fazenda Esperança da Gomes Agro,Yasmin Gomes,174.878.444-74,(95) 74782-0049,fazendaesperançadagomesagro@ruraltec.com.br,Cidade PB,PB,Outra,Algodão / Cana-de-Açúcar,GOLD,2500,Latossolo Amarelo,Percevejos / Nematoides,Nov-Abr
user_189,Cooperativa Verde da Silva,Cooperativa Verde da Silva,Daniela Silva,004.816.256-94,(72) 55637-0587,cooperativaverdedasilva@ruraltec.com.br,Cidade MG,MG,Outra,Cana-de-Açúcar / Soja,SILVER,2400,Latossolo Amarelo,Ferrugem,Nov-Abr
user_19,Cooperativa Boa Vista do Almeida,Cooperativa Boa Vista do Almeida,Yasmin Almeida,471.751.484-42,(81) 26130-7819,cooperativaboavistadoalmeida@agrocorp.com.br,Cidade AC,AC,Outra,Algodão,DIAMOND,2100,Neossolo,Ferrugem / Cigarrinha,Abr-Ago
user_190,Agropecuária Horizonte da Almeida,Agropecuária Horizonte da Almeida,Carlos Almeida,889.618.133-82,(78) 63817-5455,agropecuáriahorizontedaalmeida@ruraltec.com.br,Sorriso,GO,Centro-Oeste,Café / Milho,PLATINUM,1200,Argissolo,Lagarta,Set-Fev
user_191,Agropecuária São João da Barbosa,Agropecuária São João da Barbosa,Renata Barbosa,771.438.305-59,(29) 27149-7842,agropecuáriasãojoãodabarbosa@ruraltec.com.br,Cidade MG,MG,Outra,Cana-de-Açúcar / Soja,PLATINUM,2000,Terra Roxa,Cigarrinha / Percevejos,Out-Mar
user_192,Granja Boa Vista da Ribeiro,Granja Boa Vista da Ribeiro,Clara Ribeiro,947.792.127-28,(74) 93632-0853,granjaboavistadaribeiro@fazenda.com.br,Cidade RS,RS,Outra,Café,GOLD,2200,Latossolo Vermelho,Ferrugem / Nematoides,Abr-Ago
user_193,Granja Horizonte do Cardoso,Granja Horizonte do Cardoso,Helena Cardoso,681.194.777-37,(46) 95945-3989,granjahorizontedocardoso@ruraltec.com.br,Cidade CE,CE,Outra,Café / Soja,SILVER,1200,Neossolo,Ferrugem / Nematoides,Set-Fev
user_194,Agropecuária Progresso da Lima,Agropecuária Progresso da Lima,Leonardo Lima,533.036.520-64,(40) 85012-5265,agropecuáriaprogressodalima@agrocorp.com.br,Cidade SE,SE,Outra,Café,SILVER,1400,Neossolo,Nematoides,Nov-Abr
user_195,Granja Verde do Almeida,Granja Verde do Almeida,Paulo Almeida,890.691.911-00,(61) 50199-5782,granjaverdedoalmeida@ruraltec.com.br,Lucas do Rio Verde,MT,Centro-Oeste,Café,GOLD,2600,Neossolo,Nematoides / Lagarta,Out-Mar
user_196,Granja Esperança do Gomes,Granja Esperança do Gomes,Carlos Gomes,859.726.401-49,(82) 57840-1949,granjaesperançadogomes@fazenda.com.br,Sorriso,MT,Centro-Oeste,Café,GOLD,2700,Neossolo,Lagarta / Ferrugem,Out-Mar
user_197,Fazenda Esperança do Rocha EIRELI,Fazenda Esperança do Rocha EIRELI,Leonardo Rocha,029.625.412-32,(38) 16191-9289,fazendaesperançadorocha@fazenda.com.br,Cidade TO,TO,Outra,Cana-de-Açúcar,DIAMOND,1200,Terra Roxa,Lagarta / Nematoides,Nov-Abr
user_198,Agropecuária Ouro do Almeida,Agropecuária Ouro do Almeida,Olivia Almeida,814.257.515-57,(79) 53861-6221,agropecuáriaourodoalmeida@agrocorp.com.br,Cidade ES,ES,Outra,Milho,DIAMOND,1800,Terra Roxa,Cigarrinha / Ferrugem,Out-Mar
user_199,Agropecuária Horizonte da Pereira,Agropecuária Horizonte da Pereira,Júlia Pereira,567.476.958-64,(36) 64625-7899,agropecuáriahorizontedapereira@ruraltec.com.br,Cidade AP,AP,Outra,Trigo / Soja,GOLD,1400,Latossolo Amarelo,Nematoides / Cigarrinha,Set-Fev
user_2,Granja Ouro da Melo,Granja Ouro da Melo,Mariana Melo,930.473.374-15,(95) 57390-6583,granjaourodamelo@fazenda.com.br,Cidade RN,RN,Nordeste,Café / Cana-de-Açúcar,PLATINUM,1000,Terra Roxa,Lagarta,Out-Mar
user_20,Fazenda Esperança da Costa,Fazenda Esperança da Costa,Samuel Costa,146.659.424-61,(34) 63754-7904,fazendaesperançadacosta@agrocorp.com.br,Cidade RS,RS,Outra,Algodão / Soja,SILVER,1100,Latossolo Vermelho,Nematoides,Set-Fev
user_200,Fazenda São João do Martins,Fazenda São João do Martins,Olivia Martins,530.327.345-34,(58) 79431-4514,fazendasãojoãodomartins@fazenda.com.br,Cidade PE,PE,Nordeste,Café / Soja,DIAMOND,3000,Neossolo,Lagarta / Nematoides,Out-Mar
user_201,Sítio Boa Vista do Silva Comércio,Sítio Boa Vista do Silva Comércio,Renata Silva,782.335.837-83,(59) 17862-2654,sítioboavistadosilvacomércio@ruraltec.com.br,Cidade PA,PA,Norte,Cana-de-Açúcar / Soja,SILVER,1400,Terra Roxa,Cigarrinha / Nematoides,Set-Fev
user_202,Fazenda Lider do Lima,Fazenda Lider do Lima,Igor Lima,748.991.997-43,(81) 21577-8216,fazendaliderdolima@ruraltec.com.br,Cidade RJ,RJ,Outra,Cana-de-Açúcar,DIAMOND,2200,Latossolo Amarelo,Cigarrinha,Nov-Abr
user_203,Sítio Boa Vista da Silva,Sítio Boa Vista da Silva,Leonardo Silva,172.292.714-56,(12) 57421-4548,sítioboavistadasilva@ruraltec.com.br,Cidade RN,RN,Nordeste,Soja / Café,GOLD,1400,Neossolo,Nematoides / Percevejos,Set-Fev
user_204,Fazenda Ouro da Almeida,Fazenda Ouro da Almeida,Vinicius Almeida,411.675.681-91,(23) 79342-1522,fazendaourodaalmeida@agrocorp.com.br,Cidade CE,CE,Outra,Café,PLATINUM,800,Neossolo,Ferrugem / Percevejos,Set-Fev
user_205,Granja Boa Vista da Almeida,Granja Boa Vista da Almeida,Nicolas Almeida,009.338.865-15,(28) 82947-9919,granjaboavistadaalmeida@fazenda.com.br,Cidade AM,AM,Outra,Cana-de-Açúcar / Milho,PLATINUM,700,Argissolo,Percevejos,Nov-Abr
user_206,Agropecuária Boa Vista do Nascimento,Agropecuária Boa Vista do Nascimento,Helena Nascimento,601.552.174-52,(38) 16115-5904,agropecuáriaboavistadonascimento@agrocorp.com.br,Cidade DF,DF,Outra,Cana-de-Açúcar / Milho,DIAMOND,1600,Latossolo Amarelo,Ferrugem,Out-Mar
user_207,Granja Verde do Silva,Granja Verde do Silva,Júlia Silva,991.975.363-73,(15) 54643-2968,granjaverdedosilva@ruraltec.com.br,Rondonópolis,MS,Centro-Oeste,Soja,PLATINUM,900,Latossolo Amarelo,Nematoides,Set-Fev
user_208,Chácara Progresso do Oliveira,Chácara Progresso do Oliveira,Leonardo Oliveira,067.080.299-47,(89) 74916-8347,chácaraprogressodooliveira@ruraltec.com.br,Cidade RR,RR,Norte,Milho,PLATINUM,2300,Argissolo,Cigarrinha / Lagarta,Out-Mar
user_209,Chácara Verde da Melo & Filhos,Chácara Verde da Melo & Filhos,Bruno Melo,707.549.890-46,(39) 25994-7450,chácaraverdedamelofilhos@agrocorp.com.br,Campo Grande,MS,Centro-Oeste,Algodão,DIAMOND,800,Neossolo,Percevejos,Set-Fev
user_21,Granja São João do Ferreira,Granja São João do Ferreira,Mariana Ferreira,802.942.405-52,(38) 35669-2586,granjasãojoãodoferreira@fazenda.com.br,Cidade AP,AP,Outra,Soja / Café,SILVER,2300,Latossolo Amarelo,Percevejos / Cigarrinha,Abr-Ago
user_210,Fazenda Esperança do Pereira,Fazenda Esperança do Pereira,Nicolas Pereira,414.277.767-99,(31) 17777-9084,fazendaesperançadopereira@agrocorp.com.br,Cidade MG,MG,Outra,Trigo,PLATINUM,1700,Terra Roxa,Lagarta / Percevejos,Out-Mar
user_211,Cooperativa São João da Melo,Cooperativa São João da Melo,Daniela Melo,293.760.382-61,(18) 62268-0043,cooperativasãojoãodamelo@agrocorp.com.br,Cidade PA,PA,Norte,Trigo / Milho,GOLD,1600,Neossolo,Percevejos,Set-Fev
user_212,Sítio São João da Ribeiro,Sítio São João da Ribeiro,Olivia Ribeiro,031.114.312-50,(72) 39768-0845,sítiosãojoãodaribeiro@agrocorp.com.br,Cidade PA,PA,Norte,Milho / Algodão,SILVER,2400,Argissolo,Nematoides,Out-Mar
user_213,Sítio Horizonte da Pereira,Sítio Horizonte da Pereira,Leonardo Pereira,297.528.945-52,(43) 53950-4841,sítiohorizontedapereira@fazenda.com.br,Cidade RO,RO,Outra,Algodão,DIAMOND,2800,Neossolo,Nematoides,Nov-Abr
user_214,Agropecuária Esperança do Rocha,Agropecuária Esperança do Rocha,Clara Rocha,778.177.107-29,(91) 80153-7678,agropecuáriaesperançadorocha@ruraltec.com.br,Goiânia,MS,Centro-Oeste,Café / Milho,GOLD,1200,Argissolo,Percevejos / Lagarta,Abr-Ago
user_215,Agropecuária Lider da Cardoso Comércio,Agropecuária Lider da Cardoso Comércio,Tatiana Cardoso,984.560.609-10,(45) 15679-6128,agropecuárialiderdacardosocomércio@ruraltec.com.br,Sorriso,MS,Centro-Oeste,Soja / Milho,DIAMOND,2800,Latossolo Vermelho,Lagarta / Ferrugem,Set-Fev
user_216,Fazenda Ouro do Ribeiro,Fazenda Ouro do Ribeiro,Karen Ribeiro,992.909.781-76,(94) 52254-9979,fazendaourodoribeiro@fazenda.com.br,Cidade RJ,RJ,Outra,Soja / Algodão,DIAMOND,3700,Terra Roxa,Lagarta,Out-Mar
user_217,Granja Horizonte do Nascimento,Granja Horizonte do Nascimento,Renata Nascimento,021.595.024-80,(39) 73714-1466,granjahorizontedonascimento@ruraltec.com.br,Cidade DF,DF,Outra,Cana-de-Açúcar / Soja,SILVER,1800,Latossolo Vermelho,Ferrugem / Lagarta,Nov-Abr
user_218,Cooperativa Verde da Oliveira,Cooperativa Verde da Oliveira,Helena Oliveira,752.766.453-06,(78) 50745-9491,cooperativaverdedaoliveira@ruraltec.com.br,Cidade SC,SC,Outra,Trigo,GOLD,2500,Latossolo Amarelo,Ferrugem,Nov-Abr
user_219,Cooperativa Progresso da Lima,Cooperativa Progresso da Lima,Carlos Lima,513.863.516-45,(24) 96917-6750,cooperativaprogressodalima@agrocorp.com.br,Cidade PI,PI,Nordeste,Cana-de-Açúcar,SILVER,2400,Latossolo Vermelho,Percevejos / Cigarrinha,Abr-Ago
user_22,Sítio Lider da Costa,Sítio Lider da Costa,Mariana Costa,125.483.851-34,(52) 59897-1516,sítioliderdacosta@agrocorp.com.br,Cidade RO,RO,Outra,Soja,GOLD,900,Terra Roxa,Percevejos / Nematoides,Out-Mar
user_220,Fazenda Lider da Oliveira,Fazenda Lider da Oliveira,Carlos Oliveira,648.149.322-07,(14) 75918-6354,fazendaliderdaoliveira@agrocorp.com.br,Cidade PI,PI,Nordeste,Soja / Milho,PLATINUM,1200,Neossolo,Lagarta / Percevejos,Set-Fev
user_221,Agropecuária Esperança da Rocha,Agropecuária Esperança da Rocha,Leonardo Rocha,811.536.247-90,(21) 62740-8093,agropecuáriaesperançadarocha@agrocorp.com.br,Sorriso,MT,Centro-Oeste,Milho / Soja,SILVER,2100,Terra Roxa,Percevejos / Lagarta,Abr-Ago
user_222,Sítio Boa Vista da Barbosa LTDA,Sítio Boa Vista da Barbosa LTDA,Olivia Barbosa,671.279.280-66,(65) 10263-8798,sítioboavistadabarbosa@ruraltec.com.br,Cidade RR,RR,Norte,Trigo,PLATINUM,1500,Argissolo,Lagarta / Cigarrinha,Out-Mar
user_223,Granja Horizonte do Ribeiro,Granja Horizonte do Ribeiro,Leonardo Ribeiro,501.559.636-97,(46) 19325-2071,granjahorizontedoribeiro@fazenda.com.br,Cidade SC,SC,Outra,Algodão,DIAMOND,3200,Latossolo Vermelho,Lagarta,Nov-Abr
user_224,Chácara Verde do Rocha,Chácara Verde do Rocha,Eduardo Rocha,158.406.407-93,(76) 87641-8207,chácaraverdedorocha@fazenda.com.br,Cidade RJ,RJ,Outra,Cana-de-Açúcar / Soja,PLATINUM,1000,Argissolo,Percevejos / Lagarta,Out-Mar
user_225,Fazenda Ouro do Melo Comércio,Fazenda Ouro do Melo Comércio,Karen Melo,314.581.584-24,(24) 93895-9946,fazendaourodomelocomércio@agrocorp.com.br,Cidade SE,SE,Outra,Trigo / Café,PLATINUM,600,Terra Roxa,Cigarrinha / Lagarta,Nov-Abr
user_226,Granja Horizonte da Nascimento,Granja Horizonte da Nascimento,Ana Nascimento,736.176.328-83,(79) 59561-4816,granjahorizontedanascimento@agrocorp.com.br,Cidade RO,RO,Outra,Cana-de-Açúcar,SILVER,1600,Argissolo,Lagarta / Nematoides,Set-Fev
user_227,Agropecuária Verde do Lima,Agropecuária Verde do Lima,Júlia Lima,619.633.265-49,(98) 60919-4355,agropecuáriaverdedolima@fazenda.com.br,Cidade AL,AL,Outra,Soja,SILVER,2100,Latossolo Vermelho,Cigarrinha / Nematoides,Nov-Abr
user_228,Fazenda Boa Vista da Lima Comércio,Fazenda Boa Vista da Lima Comércio,Bruno Lima,131.258.748-14,(67) 62794-8581,fazendaboavistadalimacomércio@fazenda.com.br,Cidade RR,RR,Norte,Soja / Café,DIAMOND,3400,Latossolo Vermelho,Lagarta / Ferrugem,Set-Fev
user_229,Chácara Ouro da Ribeiro,Chácara Ouro da Ribeiro,Rafael Ribeiro,761.858.557-10,(91) 35741-2673,chácaraourodaribeiro@agrocorp.com.br,Cidade RO,RO,Outra,Cana-de-Açúcar,DIAMOND,3300,Latossolo Vermelho,Nematoides / Cigarrinha,Out-Mar
user_23,Agropecuária São João da Oliveira,Agropecuária São João da Oliveira,Gabriel Oliveira,470.029.135-66,(39) 65249-3464,agropecuáriasãojoãodaoliveira@fazenda.com.br,Cidade RS,RS,Outra,Trigo,GOLD,1000,Terra Roxa,Cigarrinha,Nov-Abr
user_230,Chácara Ouro da Costa,Chácara Ouro da Costa,Bruno Costa,375.352.624-75,(19) 37754-7373,chácaraourodacosta@agrocorp.com.br,Cidade ES,ES,Outra,Trigo,GOLD,1300,Latossolo Amarelo,Ferrugem / Lagarta,Set-Fev
user_231,Agropecuária Boa Vista do Silva,Agropecuária Boa Vista do Silva,Olivia Silva,353.343.318-29,(72) 28298-2276,agropecuáriaboavistadosilva@agrocorp.com.br,Cidade PB,PB,Outra,Café / Milho,DIAMOND,3200,Terra Roxa,Nematoides / Cigarrinha,Abr-Ago
user_232,Agropecuária Esperança do Melo Comércio,Agropecuária Esperança do Melo Comércio,Júlia Melo,512.560.739-89,(40) 67768-0408,agropecuáriaesperançadomelocomércio@agrocorp.com.br,Cidade SE,SE,Outra,Milho,SILVER,2400,Argissolo,Nematoides / Percevejos,Out-Mar
user_233,Granja Boa Vista da Martins,Granja Boa Vista da Martins,Gabriel Martins,593.712.000-32,(45) 67341-2387,granjaboavistadamartins@agrocorp.com.br,Cidade PI,PI,Nordeste,Milho / Café,PLATINUM,1700,Latossolo Amarelo,Cigarrinha / Ferrugem,Set-Fev
user_234,Fazenda Esperança do Martins,Fazenda Esperança do Martins,Ana Martins,198.865.542-12,(67) 44230-4028,fazendaesperançadomartins@fazenda.com.br,Cidade SP,SP,Sudeste,Algodão,GOLD,1700,Terra Roxa,Nematoides,Abr-Ago
user_235,Agropecuária Horizonte do Oliveira Agro,Agropecuária Horizonte do Oliveira Agro,Eduardo Oliveira,258.802.025-63,(32) 76833-7618,agropecuáriahorizontedooliveiraagro@agrocorp.com.br,Cidade SP,SP,Sudeste,Algodão,GOLD,1200,Argissolo,Nematoides / Ferrugem,Out-Mar
user_236,Chácara Boa Vista da Martins,Chácara Boa Vista da Martins,Leonardo Martins,696.216.290-38,(91) 88344-1499,chácaraboavistadamartins@fazenda.com.br,Cidade PR,PR,Sul,Algodão,GOLD,900,Neossolo,Percevejos,Nov-Abr
user_237,Agropecuária Lider do Pereira,Agropecuária Lider do Pereira,Daniela Pereira,618.374.670-16,(75) 61786-9153,agropecuárialiderdopereira@fazenda.com.br,Cidade RJ,RJ,Outra,Trigo / Cana-de-Açúcar,GOLD,2000,Argissolo,Ferrugem,Set-Fev
user_238,Agropecuária Ouro da Souza,Agropecuária Ouro da Souza,Leonardo Souza,324.691.440-49,(31) 41315-5277,agropecuáriaourodasouza@agrocorp.com.br,Cidade MA,MA,Outra,Café,SILVER,600,Terra Roxa,Cigarrinha,Nov-Abr
user_239,Sítio Verde do Gomes,Sítio Verde do Gomes,Nicolas Gomes,791.922.348-52,(70) 79672-7362,sítioverdedogomes@fazenda.com.br,Cidade RJ,RJ,Outra,Café,DIAMOND,1800,Neossolo,Lagarta / Nematoides,Set-Fev
user_24,Fazenda Boa Vista da Melo Comércio,Fazenda Boa Vista da Melo Comércio,Paulo Melo,598.143.641-54,(88) 90780-6811,fazendaboavistadamelocomércio@agrocorp.com.br,Cidade PB,PB,Outra,Café / Milho,SILVER,1400,Latossolo Amarelo,Nematoides / Cigarrinha,Out-Mar
user_240,Agropecuária Progresso do Oliveira,Agropecuária Progresso do Oliveira,Olivia Oliveira,499.490.523-35,(93) 18792-8666,agropecuáriaprogressodooliveira@ruraltec.com.br,Cidade RO,RO,Outra,Café,GOLD,1400,Latossolo Vermelho,Nematoides / Percevejos,Set-Fev
user_241,Chácara Ouro da Cardoso,Chácara Ouro da Cardoso,Nicolas Cardoso,067.368.710-49,(27) 80267-2172,chácaraourodacardoso@fazenda.com.br,Cidade RS,RS,Outra,Café / Cana-de-Açúcar,SILVER,2200,Latossolo Vermelho,Ferrugem / Cigarrinha,Set-Fev
user_242,Agropecuária Boa Vista da Martins,Agropecuária Boa Vista da Martins,Carlos Martins,964.301.459-33,(69) 16060-4955,agropecuáriaboavistadamartins@fazenda.com.br,Cidade SE,SE,Outra,Algodão / Cana-de-Açúcar,PLATINUM,700,Neossolo,Cigarrinha / Percevejos,Out-Mar
user_243,Fazenda Horizonte do Costa,Fazenda Horizonte do Costa,Vinicius Costa,116.122.197-74,(41) 53554-5760,fazendahorizontedocosta@agrocorp.com.br,Cidade SC,SC,Outra,Cana-de-Açúcar / Milho,GOLD,2200,Neossolo,Nematoides / Ferrugem,Out-Mar
user_244,Agropecuária Verde da Rocha,Agropecuária Verde da Rocha,Bruno Rocha,150.390.295-51,(80) 21927-2281,agropecuáriaverdedarocha@fazenda.com.br,Cidade AP,AP,Outra,Trigo / Milho,GOLD,1600,Neossolo,Nematoides,Nov-Abr
user_245,Fazenda São João da Martins,Fazenda São João da Martins,Eduardo Martins,700.822.864-03,(96) 54819-9142,fazendasãojoãodamartins@agrocorp.com.br,Cidade TO,TO,Outra,Cana-de-Açúcar / Café,DIAMOND,2100,Latossolo Vermelho,Percevejos,Nov-Abr
user_246,Agropecuária Esperança do Gomes,Agropecuária Esperança do Gomes,Karen Gomes,471.334.482-50,(19) 75214-4258,agropecuáriaesperançadogomes@fazenda.com.br,Cidade TO,TO,Outra,Algodão / Café,SILVER,2000,Terra Roxa,Percevejos / Lagarta,Abr-Ago
user_247,Fazenda Boa Vista do Lima,Fazenda Boa Vista do Lima,Leonardo Lima,334.715.704-22,(80) 83845-2684,fazendaboavistadolima@fazenda.com.br,Cidade SE,SE,Outra,Algodão,DIAMOND,1800,Neossolo,Ferrugem,Nov-Abr
user_248,Agropecuária Boa Vista do Oliveira,Agropecuária Boa Vista do Oliveira,Yasmin Oliveira,210.848.516-43,(62) 92360-8787,agropecuáriaboavistadooliveira@ruraltec.com.br,Cidade AL,AL,Outra,Cana-de-Açúcar,PLATINUM,600,Latossolo Vermelho,Nematoides / Ferrugem,Out-Mar
user_249,Agropecuária Verde do Martins,Agropecuária Verde do Martins,Carlos Martins,309.443.465-83,(76) 75015-0417,agropecuáriaverdedomartins@agrocorp.com.br,Cidade BA,BA,Nordeste,Algodão,PLATINUM,2000,Terra Roxa,Nematoides / Ferrugem,Nov-Abr
user_25,Sítio São João da Nascimento,Sítio São João da Nascimento,Fernanda Nascimento,698.545.417-50,(32) 27353-3518,sítiosãojoãodanascimento@fazenda.com.br,Goiânia,GO,Centro-Oeste,Trigo / Algodão,GOLD,1100,Latossolo Vermelho,Percevejos / Cigarrinha,Set-Fev
user_250,Agropecuária Verde do Lima,Agropecuária Verde do Lima,Ana Lima,514.079.728-04,(44) 29002-8220,agropecuáriaverdedolima@fazenda.com.br,Cidade MG,MG,Outra,Algodão / Soja,GOLD,1900,Latossolo Amarelo,Lagarta,Nov-Abr
user_251,Sítio Progresso do Lima Rural,Sítio Progresso do Lima Rural,Paulo Lima,610.000.423-68,(67) 49842-7096,sítioprogressodolimarural@ruraltec.com.br,Cidade PA,PA,Norte,Trigo / Milho,SILVER,2200,Latossolo Vermelho,Percevejos / Ferrugem,Abr-Ago
user_252,Granja Lider da Ferreira,Granja Lider da Ferreira,Yasmin Ferreira,723.021.541-46,(66) 78466-9135,granjaliderdaferreira@ruraltec.com.br,Cidade TO,TO,Outra,Cana-de-Açúcar / Algodão,PLATINUM,600,Latossolo Amarelo,Cigarrinha / Nematoides,Set-Fev
user_253,Chácara São João do Lima,Chácara São João do Lima,Vinicius Lima,825.977.244-30,(32) 28958-3653,chácarasãojoãodolima@fazenda.com.br,Cidade DF,DF,Outra,Café / Milho,DIAMOND,3100,Latossolo Amarelo,Percevejos,Out-Mar
user_254,Fazenda Horizonte do Pereira,Fazenda Horizonte do Pereira,Tatiana Pereira,850.033.141-60,(41) 91027-0023,fazendahorizontedopereira@fazenda.com.br,Cidade RN,RN,Nordeste,Milho,GOLD,2900,Latossolo Vermelho,Lagarta,Out-Mar
user_255,Chácara Horizonte do Melo EIRELI,Chácara Horizonte do Melo EIRELI,Daniela Melo,117.078.775-17,(55) 24576-3678,chácarahorizontedomelo@ruraltec.com.br,Cidade PI,PI,Nordeste,Café,SILVER,1900,Latossolo Vermelho,Cigarrinha / Percevejos,Nov-Abr
user_256,Cooperativa Horizonte da Ferreira,Cooperativa Horizonte da Ferreira,Samuel Ferreira,737.869.227-83,(69) 71734-7694,cooperativahorizontedaferreira@ruraltec.com.br,Cidade RS,RS,Outra,Cana-de-Açúcar / Soja,DIAMOND,1500,Neossolo,Nematoides,Set-Fev
user_257,Chácara São João do Souza,Chácara São João do Souza,Eduardo Souza,564.149.886-02,(55) 70470-4889,chácarasãojoãodosouza@agrocorp.com.br,Cidade ES,ES,Outra,Cana-de-Açúcar,GOLD,900,Terra Roxa,Ferrugem,Set-Fev
user_258,Cooperativa Lider da Barbosa,Cooperativa Lider da Barbosa,Leonardo Barbosa,940.270.615-59,(25) 25249-3355,cooperativaliderdabarbosa@ruraltec.com.br,Cidade AL,AL,Outra,Milho / Trigo,PLATINUM,1500,Terra Roxa,Percevejos / Ferrugem,Set-Fev
user_259,Agropecuária Boa Vista da Barbosa,Agropecuária Boa Vista da Barbosa,Karen Barbosa,926.704.807-28,(62) 86633-1882,agropecuáriaboavistadabarbosa@ruraltec.com.br,Cidade AL,AL,Outra,Soja / Cana-de-Açúcar,SILVER,2200,Argissolo,Percevejos / Cigarrinha,Nov-Abr
user_26,Sítio Lider do Oliveira,Sítio Lider do Oliveira,Carlos Oliveira,610.756.546-52,(38) 29641-2402,sítioliderdooliveira@fazenda.com.br,Cidade PR,PR,Sul,Trigo,GOLD,800,Neossolo,Cigarrinha / Ferrugem,Nov-Abr
user_260,Fazenda Progresso do Oliveira,Fazenda Progresso do Oliveira,Bruno Oliveira,193.465.056-25,(64) 74341-3076,fazendaprogressodooliveira@fazenda.com.br,Cidade PI,PI,Nordeste,Cana-de-Açúcar,SILVER,1900,Terra Roxa,Percevejos / Nematoides,Nov-Abr
user_261,Granja Boa Vista da Silva,Granja Boa Vista da Silva,Paulo Silva,142.339.307-29,(21) 55594-0277,granjaboavistadasilva@fazenda.com.br,Cidade PR,PR,Sul,Trigo,GOLD,2400,Neossolo,Ferrugem / Cigarrinha,Abr-Ago
user_262,Chácara Verde da Barbosa,Chácara Verde da Barbosa,Eduardo Barbosa,240.364.942-87,(21) 46062-8950,chácaraverdedabarbosa@ruraltec.com.br,Cidade PA,PA,Norte,Soja,GOLD,800,Argissolo,Lagarta / Ferrugem,Abr-Ago
user_263,Fazenda Ouro da Costa,Fazenda Ouro da Costa,Mariana Costa,229.122.282-68,(47) 66094-7425,fazendaourodacosta@ruraltec.com.br,Campo Grande,MS,Centro-Oeste,Trigo,GOLD,2500,Argissolo,Ferrugem,Out-Mar
user_264,Agropecuária Ouro do Barbosa LTDA,Agropecuária Ouro do Barbosa LTDA,Yasmin Barbosa,793.934.943-00,(57) 68991-3964,agropecuáriaourodobarbosa@ruraltec.com.br,Cidade TO,TO,Outra,Cana-de-Açúcar,DIAMOND,2100,Latossolo Vermelho,Nematoides,Set-Fev
user_265,Fazenda Lider do Melo,Fazenda Lider do Melo,Clara Melo,029.232.656-16,(50) 42674-2529,fazendaliderdomelo@agrocorp.com.br,Cidade SE,SE,Outra,Café / Milho,PLATINUM,1400,Argissolo,Cigarrinha,Nov-Abr
user_266,Agropecuária Progresso do Costa,Agropecuária Progresso do Costa,Tatiana Costa,166.411.058-08,(30) 12351-8067,agropecuáriaprogressodocosta@agrocorp.com.br,Cidade PA,PA,Norte,Algodão / Cana-de-Açúcar,PLATINUM,1500,Latossolo Amarelo,Lagarta,Abr-Ago
user_267,Chácara São João da Melo,Chácara São João da Melo,Gabriel Melo,251.676.691-95,(71) 91142-8830,chácarasãojoãodamelo@agrocorp.com.br,Cidade PI,PI,Nordeste,Soja,GOLD,600,Neossolo,Cigarrinha / Ferrugem,Out-Mar
user_268,Agropecuária Horizonte da Gomes,Agropecuária Horizonte da Gomes,Paulo Gomes,805.767.182-22,(14) 50209-8609,agropecuáriahorizontedagomes@ruraltec.com.br,Cidade RJ,RJ,Outra,Cana-de-Açúcar / Café,GOLD,2400,Latossolo Vermelho,Nematoides / Lagarta,Abr-Ago
user_269,Fazenda Boa Vista da Lima Comércio,Fazenda Boa Vista da Lima Comércio,Daniela Lima,366.459.722-40,(73) 74433-6114,fazendaboavistadalimacomércio@fazenda.com.br,Cidade RS,RS,Outra,Trigo,DIAMOND,1400,Argissolo,Nematoides,Nov-Abr
user_27,Cooperativa Boa Vista do Almeida,Cooperativa Boa Vista do Almeida,Nicolas Almeida,692.673.997-67,(63) 53743-7552,cooperativaboavistadoalmeida@agrocorp.com.br,Cidade SP,SP,Sudeste,Algodão / Soja,PLATINUM,900,Latossolo Amarelo,Ferrugem,Set-Fev
user_270,Fazenda Verde do Souza,Fazenda Verde do Souza,Olivia Souza,909.678.754-05,(33) 70737-8713,fazendaverdedosouza@fazenda.com.br,Cidade RR,RR,Norte,Trigo,GOLD,2100,Terra Roxa,Percevejos,Abr-Ago
user_271,Sítio Horizonte da Barbosa,Sítio Horizonte da Barbosa,Eduardo Barbosa,861.814.628-13,(62) 29184-4117,sítiohorizontedabarbosa@agrocorp.com.br,Cidade ES,ES,Outra,Soja / Cana-de-Açúcar,GOLD,1700,Latossolo Amarelo,Nematoides / Cigarrinha,Set-Fev
user_272,Cooperativa Boa Vista da Ferreira,Cooperativa Boa Vista da Ferreira,Paulo Ferreira,436.188.028-63,(40) 81635-6143,cooperativaboavistadaferreira@agrocorp.com.br,Cidade PE,PE,Nordeste,Soja / Cana-de-Açúcar,SILVER,2500,Latossolo Amarelo,Ferrugem / Nematoides,Set-Fev
user_273,Agropecuária Boa Vista do Ribeiro,Agropecuária Boa Vista do Ribeiro,Vinicius Ribeiro,571.276.675-71,(11) 94317-2495,agropecuáriaboavistadoribeiro@agrocorp.com.br,Cidade BA,BA,Nordeste,Cana-de-Açúcar / Soja,DIAMOND,3600,Latossolo Vermelho,Nematoides / Cigarrinha,Abr-Ago
user_274,Cooperativa Esperança da Ferreira,Cooperativa Esperança da Ferreira,Rafael Ferreira,819.079.597-48,(16) 42013-8728,cooperativaesperançadaferreira@ruraltec.com.br,Cidade CE,CE,Outra,Algodão / Café,DIAMOND,1400,Terra Roxa,Percevejos / Ferrugem,Abr-Ago
user_275,Chácara Progresso da Pereira,Chácara Progresso da Pereira,Bruno Pereira,082.871.917-83,(52) 69910-4607,chácaraprogressodapereira@fazenda.com.br,Cidade PI,PI,Nordeste,Algodão,DIAMOND,2800,Latossolo Amarelo,Lagarta,Set-Fev
user_276,Chácara Horizonte do Cardoso Agro,Chácara Horizonte do Cardoso Agro,Gabriel Cardoso,847.153.508-53,(50) 77157-3303,chácarahorizontedocardosoagro@ruraltec.com.br,Cidade PI,PI,Nordeste,Café / Milho,DIAMOND,1300,Argissolo,Ferrugem / Nematoides,Nov-Abr
user_277,Fazenda Progresso do Barbosa,Fazenda Progresso do Barbosa,Yasmin Barbosa,501.531.950-62,(17) 94318-2269,fazendaprogressodobarbosa@agrocorp.com.br,Cidade PA,PA,Norte,Trigo,GOLD,1100,Argissolo,Nematoides / Ferrugem,Nov-Abr
user_278,Chácara Verde do Oliveira,Chácara Verde do Oliveira,Renata Oliveira,812.363.125-36,(75) 33785-5746,chácaraverdedooliveira@agrocorp.com.br,Cidade RO,RO,Outra,Milho,PLATINUM,1400,Latossolo Amarelo,Ferrugem / Percevejos,Set-Fev
user_279,Granja Progresso da Silva,Granja Progresso da Silva,Karen Silva,304.049.081-54,(48) 92818-3741,granjaprogressodasilva@ruraltec.com.br,Cidade RR,RR,Norte,Trigo / Cana-de-Açúcar,PLATINUM,1600,Argissolo,Lagarta / Cigarrinha,Nov-Abr
user_28,Cooperativa Verde da Ferreira,Cooperativa Verde da Ferreira,Karen Ferreira,786.757.781-19,(98) 12243-0099,cooperativaverdedaferreira@fazenda.com.br,Cidade SC,SC,Outra,Soja / Milho,DIAMOND,1100,Neossolo,Cigarrinha,Abr-Ago
user_280,Cooperativa Progresso da Pereira Comércio,Cooperativa Progresso da Pereira Comércio,Eduardo Pereira,440.934.572-66,(14) 38216-4939,cooperativaprogressodapereiracomércio@agrocorp.com.br,Cidade ES,ES,Outra,Milho,DIAMOND,2700,Argissolo,Cigarrinha / Percevejos,Out-Mar
user_281,Chácara Ouro da Souza Rural,Chácara Ouro da Souza Rural,Helena Souza,387.214.899-17,(18) 78583-7286,chácaraourodasouzarural@ruraltec.com.br,Cidade RO,RO,Outra,Milho / Algodão,SILVER,2300,Latossolo Vermelho,Cigarrinha / Lagarta,Out-Mar
user_282,Chácara Horizonte da Melo,Chácara Horizonte da Melo,Olivia Melo,504.161.165-66,(83) 39480-1891,chácarahorizontedamelo@fazenda.com.br,Cidade AM,AM,Outra,Milho / Algodão,SILVER,1800,Neossolo,Percevejos,Abr-Ago
user_283,Sítio São João do Silva,Sítio São João do Silva,Igor Silva,052.657.878-57,(44) 31991-6728,sítiosãojoãodosilva@agrocorp.com.br,Cidade AM,AM,Outra,Cana-de-Açúcar,GOLD,2700,Neossolo,Percevejos,Nov-Abr
user_284,Cooperativa Progresso do Gomes,Cooperativa Progresso do Gomes,Tatiana Gomes,996.215.266-93,(45) 70662-4351,cooperativaprogressodogomes@agrocorp.com.br,Cidade MG,MG,Outra,Cana-de-Açúcar,GOLD,1400,Terra Roxa,Cigarrinha / Ferrugem,Out-Mar
user_285,Agropecuária Boa Vista da Barbosa,Agropecuária Boa Vista da Barbosa,Gabriel Barbosa,730.002.010-02,(89) 59189-7865,agropecuáriaboavistadabarbosa@ruraltec.com.br,Lucas do Rio Verde,MT,Centro-Oeste,Cana-de-Açúcar,PLATINUM,1900,Latossolo Vermelho,Nematoides,Abr-Ago
user_286,Granja Lider da Cardoso,Granja Lider da Cardoso,Mariana Cardoso,549.178.826-23,(67) 96426-5850,granjaliderdacardoso@fazenda.com.br,Cidade PR,PR,Sul,Cana-de-Açúcar / Milho,DIAMOND,2000,Terra Roxa,Cigarrinha,Set-Fev
user_287,Cooperativa Esperança do Oliveira Rural,Cooperativa Esperança do Oliveira Rural,Ana Oliveira,843.615.628-70,(31) 25609-2014,cooperativaesperançadooliveirarural@ruraltec.com.br,Cidade TO,TO,Outra,Trigo,PLATINUM,1300,Latossolo Vermelho,Ferrugem / Lagarta,Abr-Ago
user_288,Granja Lider da Almeida EIRELI,Granja Lider da Almeida EIRELI,Renata Almeida,828.075.174-71,(50) 17867-5477,granjaliderdaalmeida@agrocorp.com.br,Cidade RJ,RJ,Outra,Milho,SILVER,1900,Neossolo,Percevejos,Abr-Ago
user_289,Sítio Lider da Barbosa,Sítio Lider da Barbosa,Fernanda Barbosa,081.510.271-18,(68) 85385-3217,sítioliderdabarbosa@ruraltec.com.br,Cidade DF,DF,Outra,Algodão / Milho,PLATINUM,1500,Terra Roxa,Ferrugem / Lagarta,Nov-Abr
user_29,Agropecuária Esperança do Nascimento,Agropecuária Esperança do Nascimento,Paulo Nascimento,484.886.577-58,(61) 10043-5287,agropecuáriaesperançadonascimento@ruraltec.com.br,Cidade AM,AM,Outra,Trigo / Café,PLATINUM,2300,Latossolo Amarelo,Lagarta / Nematoides,Nov-Abr
user_290,Fazenda Esperança da Gomes EIRELI,Fazenda Esperança da Gomes EIRELI,Bruno Gomes,455.121.678-24,(49) 87497-6329,fazendaesperançadagomes@ruraltec.com.br,Cidade AM,AM,Outra,Milho / Trigo,DIAMOND,2200,Argissolo,Percevejos,Nov-Abr
user_291,Agropecuária Boa Vista da Souza,Agropecuária Boa Vista da Souza,Renata Souza,682.416.509-18,(56) 50003-8500,agropecuáriaboavistadasouza@agrocorp.com.br,Cidade RJ,RJ,Outra,Cana-de-Açúcar / Milho,PLATINUM,1800,Neossolo,Lagarta,Nov-Abr
user_292,Granja Lider da Melo,Granja Lider da Melo,Yasmin Melo,217.674.364-03,(19) 63841-1336,granjaliderdamelo@ruraltec.com.br,Cidade PB,PB,Outra,Trigo,SILVER,2400,Latossolo Vermelho,Percevejos / Nematoides,Out-Mar
user_293,Agropecuária Progresso da Cardoso,Agropecuária Progresso da Cardoso,Karen Cardoso,846.554.119-56,(57) 29979-2716,agropecuáriaprogressodacardoso@agrocorp.com.br,Cidade RO,RO,Outra,Milho,DIAMOND,1100,Neossolo,Lagarta,Abr-Ago
user_294,Chácara Horizonte da Silva,Chácara Horizonte da Silva,Vinicius Silva,128.703.870-92,(12) 68937-3769,chácarahorizontedasilva@agrocorp.com.br,Cidade ES,ES,Outra,Trigo / Soja,SILVER,2100,Terra Roxa,Percevejos,Out-Mar
user_295,Cooperativa Esperança do Almeida,Cooperativa Esperança do Almeida,Olivia Almeida,715.997.266-95,(15) 52882-3998,cooperativaesperançadoalmeida@ruraltec.com.br,Cidade SE,SE,Outra,Soja / Algodão,SILVER,2000,Neossolo,Lagarta,Abr-Ago
user_296,Chácara Ouro do Almeida,Chácara Ouro do Almeida,Renata Almeida,246.605.855-14,(38) 45308-4554,chácaraourodoalmeida@agrocorp.com.br,Lucas do Rio Verde,MS,Centro-Oeste,Milho,SILVER,800,Neossolo,Percevejos / Lagarta,Abr-Ago
user_297,Fazenda Esperança do Almeida,Fazenda Esperança do Almeida,Igor Almeida,819.453.274-39,(57) 66077-6193,fazendaesperançadoalmeida@ruraltec.com.br,Cidade AC,AC,Outra,Cana-de-Açúcar,GOLD,900,Neossolo,Nematoides / Cigarrinha,Set-Fev
user_298,Cooperativa Ouro do Nascimento Comércio,Cooperativa Ouro do Nascimento Comércio,Leonardo Nascimento,444.514.998-39,(22) 73087-6388,cooperativaourodonascimentocomércio@agrocorp.com.br,Cidade AC,AC,Outra,Cana-de-Açúcar,GOLD,1400,Latossolo Amarelo,Percevejos / Cigarrinha,Out-Mar
user_299,Fazenda Horizonte do Costa,Fazenda Horizonte do Costa,Júlia Costa,206.715.045-04,(16) 45094-9897,fazendahorizontedocosta@fazenda.com.br,Sorriso,MS,Centro-Oeste,Soja,DIAMOND,3500,Argissolo,Cigarrinha / Nematoides,Nov-Abr
user_3,Cooperativa Ouro do Costa & Filhos,Cooperativa Ouro do Costa & Filhos,Tatiana Costa,155.237.794-38,(64) 95814-5063,cooperativaourodocostafilhos@agrocorp.com.br,Cidade AP,AP,Outra,Algodão,GOLD,2400,Neossolo,Lagarta / Cigarrinha,Nov-Abr
user_30,Chácara Ouro da Oliveira,Chácara Ouro da Oliveira,Paulo Oliveira,177.049.232-50,(22) 89829-6151,chácaraourodaoliveira@fazenda.com.br,Goiânia,MT,Centro-Oeste,Algodão,SILVER,2300,Latossolo Vermelho,Lagarta / Cigarrinha,Abr-Ago
user_300,Fazenda Boa Vista da Lima,Fazenda Boa Vista da Lima,Renata Lima,402.485.226-40,(12) 17136-7689,fazendaboavistadalima@fazenda.com.br,Cidade AM,AM,Outra,Cana-de-Açúcar / Soja,SILVER,1800,Latossolo Amarelo,Cigarrinha,Nov-Abr
user_301,Granja Horizonte do Silva,Granja Horizonte do Silva,Carlos Silva,833.938.301-69,(47) 93940-2252,granjahorizontedosilva@ruraltec.com.br,Cidade AC,AC,Outra,Café / Milho,GOLD,700,Terra Roxa,Nematoides / Ferrugem,Abr-Ago
user_302,Fazenda Esperança do Ferreira Comércio,Fazenda Esperança do Ferreira Comércio,Mariana Ferreira,419.525.212-03,(44) 90236-2883,fazendaesperançadoferreiracomércio@agrocorp.com.br,Cidade SP,SP,Sudeste,Cana-de-Açúcar / Soja,SILVER,1600,Argissolo,Ferrugem / Cigarrinha,Out-Mar
user_303,Sítio São João da Barbosa,Sítio São João da Barbosa,Bruno Barbosa,121.118.027-03,(68) 31281-9325,sítiosãojoãodabarbosa@fazenda.com.br,Cidade BA,BA,Nordeste,Trigo / Milho,PLATINUM,500,Latossolo Amarelo,Ferrugem,Set-Fev
user_304,Sítio Verde do Costa,Sítio Verde do Costa,Karen Costa,132.282.416-28,(37) 56361-3542,sítioverdedocosta@agrocorp.com.br,Cidade PE,PE,Nordeste,Cana-de-Açúcar,SILVER,900,Neossolo,Ferrugem / Cigarrinha,Abr-Ago
user_305,Agropecuária Ouro do Rocha,Agropecuária Ouro do Rocha,Fernanda Rocha,764.323.012-49,(81) 81777-5813,agropecuáriaourodorocha@fazenda.com.br,Cidade PR,PR,Sul,Trigo,SILVER,1000,Argissolo,Lagarta / Ferrugem,Out-Mar
user_306,Sítio Lider da Souza,Sítio Lider da Souza,Helena Souza,729.189.133-23,(68) 20354-7095,sítioliderdasouza@agrocorp.com.br,Cidade MA,MA,Outra,Café,PLATINUM,2100,Neossolo,Ferrugem,Nov-Abr
user_307,Cooperativa Lider da Rocha,Cooperativa Lider da Rocha,Tatiana Rocha,038.555.233-19,(56) 46909-8416,cooperativaliderdarocha@fazenda.com.br,Campo Grande,MS,Centro-Oeste,Trigo,PLATINUM,2500,Argissolo,Lagarta / Ferrugem,Out-Mar
user_308,Sítio Lider da Martins,Sítio Lider da Martins,Olivia Martins,630.241.197-37,(44) 16028-8835,sítioliderdamartins@agrocorp.com.br,Cidade ES,ES,Outra,Trigo,SILVER,2200,Latossolo Vermelho,Nematoides,Abr-Ago
user_309,Cooperativa Esperança do Rocha,Cooperativa Esperança do Rocha,Bruno Rocha,235.709.099-57,(20) 14108-1014,cooperativaesperançadorocha@ruraltec.com.br,Lucas do Rio Verde,GO,Centro-Oeste,Milho,DIAMOND,1000,Latossolo Amarelo,Cigarrinha / Ferrugem,Nov-Abr
user_31,Granja Esperança da Rocha Agro,Granja Esperança da Rocha Agro,Renata Rocha,028.140.489-92,(75) 81028-9583,granjaesperançadarochaagro@agrocorp.com.br,Cidade AM,AM,Outra,Milho / Café,PLATINUM,2000,Argissolo,Ferrugem,Abr-Ago
user_310,Cooperativa Ouro do Ferreira,Cooperativa Ouro do Ferreira,Vinicius Ferreira,717.588.128-94,(92) 59847-7994,cooperativaourodoferreira@agrocorp.com.br,Cidade SP,SP,Sudeste,Trigo / Soja,PLATINUM,1600,Neossolo,Cigarrinha,Abr-Ago
user_311,Sítio Esperança do Nascimento Comércio,Sítio Esperança do Nascimento Comércio,Ana Nascimento,745.351.266-89,(67) 48462-3839,sítioesperançadonascimentocomércio@fazenda.com.br,Cidade PE,PE,Nordeste,Cana-de-Açúcar / Café,DIAMOND,900,Latossolo Amarelo,Lagarta / Nematoides,Set-Fev
user_312,Chácara São João da Pereira,Chácara São João da Pereira,Paulo Pereira,063.967.558-34,(24) 59433-0161,chácarasãojoãodapereira@ruraltec.com.br,Cidade SE,SE,Outra,Milho,DIAMOND,2300,Neossolo,Nematoides / Cigarrinha,Nov-Abr
user_313,Fazenda Horizonte da Rocha Agro,Fazenda Horizonte da Rocha Agro,Tatiana Rocha,583.552.769-36,(68) 19571-9155,fazendahorizontedarochaagro@agrocorp.com.br,Cidade PI,PI,Nordeste,Milho / Trigo,PLATINUM,600,Terra Roxa,Percevejos / Lagarta,Nov-Abr
user_314,Cooperativa Ouro da Nascimento,Cooperativa Ouro da Nascimento,Nicolas Nascimento,219.691.307-95,(87) 60418-1403,cooperativaourodanascimento@agrocorp.com.br,Goiânia,MS,Centro-Oeste,Soja,SILVER,1800,Neossolo,Percevejos / Ferrugem,Set-Fev
user_315,Agropecuária Ouro do Almeida,Agropecuária Ouro do Almeida,Mariana Almeida,544.742.564-21,(33) 29863-3297,agropecuáriaourodoalmeida@agrocorp.com.br,Cidade RR,RR,Norte,Algodão,SILVER,2000,Terra Roxa,Lagarta,Set-Fev
user_316,Chácara Progresso do Ferreira,Chácara Progresso do Ferreira,Leonardo Ferreira,395.842.735-15,(72) 18313-5911,chácaraprogressodoferreira@agrocorp.com.br,Cidade AM,AM,Outra,Algodão / Soja,GOLD,600,Terra Roxa,Percevejos / Nematoides,Out-Mar
user_317,Cooperativa São João da Oliveira,Cooperativa São João da Oliveira,Samuel Oliveira,494.375.007-81,(96) 44524-8504,cooperativasãojoãodaoliveira@agrocorp.com.br,Cidade PA,PA,Norte,Cana-de-Açúcar,PLATINUM,2100,Argissolo,Percevejos / Lagarta,Out-Mar
user_318,Sítio Progresso do Lima,Sítio Progresso do Lima,Renata Lima,136.871.208-95,(84) 70369-5128,sítioprogressodolima@agrocorp.com.br,Lucas do Rio Verde,MT,Centro-Oeste,Café / Algodão,DIAMOND,900,Latossolo Vermelho,Nematoides,Out-Mar
user_319,Fazenda Lider do Ribeiro,Fazenda Lider do Ribeiro,Igor Ribeiro,903.969.201-14,(25) 91350-4532,fazendaliderdoribeiro@agrocorp.com.br,Cidade PR,PR,Sul,Cana-de-Açúcar,GOLD,2700,Argissolo,Cigarrinha / Nematoides,Abr-Ago
user_32,Granja São João da Gomes,Granja São João da Gomes,Júlia Gomes,902.130.717-46,(67) 43815-3245,granjasãojoãodagomes@agrocorp.com.br,Cidade PA,PA,Norte,Café / Milho,GOLD,2500,Terra Roxa,Lagarta,Set-Fev
user_320,Cooperativa Verde do Almeida,Cooperativa Verde do Almeida,Eduardo Almeida,549.180.370-34,(52) 22145-2864,cooperativaverdedoalmeida@agrocorp.com.br,Cidade MA,MA,Outra,Algodão,SILVER,500,Latossolo Amarelo,Ferrugem,Out-Mar
user_321,Agropecuária Esperança do Oliveira Agro,Agropecuária Esperança do Oliveira Agro,Nicolas Oliveira,172.630.428-34,(58) 67344-6406,agropecuáriaesperançadooliveiraagro@fazenda.com.br,Cidade CE,CE,Outra,Algodão,PLATINUM,1400,Terra Roxa,Ferrugem / Lagarta,Nov-Abr
user_322,Chácara Boa Vista do Rocha,Chácara Boa Vista do Rocha,Daniela Rocha,835.568.360-71,(51) 94955-8897,chácaraboavistadorocha@agrocorp.com.br,Cidade PR,PR,Sul,Cana-de-Açúcar / Café,PLATINUM,1200,Terra Roxa,Cigarrinha / Lagarta,Abr-Ago
user_323,Agropecuária Lider da Ribeiro,Agropecuária Lider da Ribeiro,Samuel Ribeiro,163.859.274-79,(88) 89671-0956,agropecuárialiderdaribeiro@fazenda.com.br,Cidade AL,AL,Outra,Trigo / Algodão,PLATINUM,900,Terra Roxa,Percevejos / Lagarta,Out-Mar
user_324,Fazenda Progresso da Almeida,Fazenda Progresso da Almeida,Paulo Almeida,307.377.377-76,(81) 31615-9093,fazendaprogressodaalmeida@fazenda.com.br,Cidade ES,ES,Outra,Algodão / Milho,GOLD,1700,Neossolo,Ferrugem,Abr-Ago
user_325,Fazenda Horizonte da Ferreira,Fazenda Horizonte da Ferreira,Carlos Ferreira,052.558.260-94,(63) 53723-2776,fazendahorizontedaferreira@agrocorp.com.br,Cidade DF,DF,Outra,Trigo / Cana-de-Açúcar,PLATINUM,900,Latossolo Vermelho,Percevejos,Out-Mar
user_326,Fazenda Boa Vista da Lima,Fazenda Boa Vista da Lima,Karen Lima,384.766.305-43,(13) 65977-5530,fazendaboavistadalima@agrocorp.com.br,Cidade RR,RR,Norte,Café / Algodão,SILVER,2400,Terra Roxa,Cigarrinha / Lagarta,Abr-Ago
user_327,Granja Horizonte do Almeida,Granja Horizonte do Almeida,Karen Almeida,502.171.699-08,(99) 82311-9754,granjahorizontedoalmeida@ruraltec.com.br,Cidade RS,RS,Outra,Cana-de-Açúcar,SILVER,900,Latossolo Amarelo,Percevejos,Set-Fev
user_328,Chácara Verde da Lima & Filhos,Chácara Verde da Lima & Filhos,Nicolas Lima,569.214.169-32,(37) 29992-6005,chácaraverdedalimafilhos@ruraltec.com.br,Cidade PI,PI,Nordeste,Trigo,GOLD,1800,Neossolo,Cigarrinha,Set-Fev
user_329,Agropecuária Boa Vista do Oliveira,Agropecuária Boa Vista do Oliveira,Leonardo Oliveira,000.740.619-82,(17) 26670-8239,agropecuáriaboavistadooliveira@fazenda.com.br,Cidade SE,SE,Outra,Trigo,GOLD,2700,Neossolo,Lagarta / Nematoides,Nov-Abr
user_33,Cooperativa Verde do Barbosa,Cooperativa Verde do Barbosa,Mariana Barbosa,879.893.183-54,(95) 84249-6581,cooperativaverdedobarbosa@agrocorp.com.br,Cidade SE,SE,Outra,Café,SILVER,900,Terra Roxa,Cigarrinha / Lagarta,Set-Fev
user_330,Cooperativa São João do Rocha LTDA,Cooperativa São João do Rocha LTDA,Eduardo Rocha,189.117.643-66,(51) 47129-2200,cooperativasãojoãodorocha@agrocorp.com.br,Cidade CE,CE,Outra,Algodão,DIAMOND,2000,Terra Roxa,Lagarta / Ferrugem,Set-Fev
user_331,Cooperativa Ouro da Rocha LTDA,Cooperativa Ouro da Rocha LTDA,Bruno Rocha,709.801.727-33,(16) 47618-5049,cooperativaourodarocha@ruraltec.com.br,Rondonópolis,GO,Centro-Oeste,Soja,GOLD,1000,Argissolo,Lagarta / Cigarrinha,Nov-Abr
user_332,Granja Progresso da Cardoso,Granja Progresso da Cardoso,Bruno Cardoso,779.715.878-44,(60) 95080-9493,granjaprogressodacardoso@agrocorp.com.br,Cidade ES,ES,Outra,Café,DIAMOND,3100,Neossolo,Ferrugem,Out-Mar
user_333,Sítio Verde do Rocha,Sítio Verde do Rocha,Renata Rocha,761.887.083-40,(19) 91074-3955,sítioverdedorocha@fazenda.com.br,Cidade PR,PR,Sul,Café,PLATINUM,1400,Terra Roxa,Nematoides / Ferrugem,Set-Fev
user_334,Fazenda Progresso do Silva,Fazenda Progresso do Silva,Rafael Silva,799.065.216-70,(33) 13112-3057,fazendaprogressodosilva@agrocorp.com.br,Cidade AC,AC,Outra,Algodão,DIAMOND,1100,Latossolo Amarelo,Lagarta,Set-Fev
user_335,Sítio Progresso do Costa,Sítio Progresso do Costa,Clara Costa,830.163.828-08,(88) 37535-1461,sítioprogressodocosta@agrocorp.com.br,Cidade PR,PR,Sul,Café,GOLD,1800,Latossolo Vermelho,Cigarrinha / Ferrugem,Out-Mar
user_336,Fazenda São João da Costa,Fazenda São João da Costa,Fernanda Costa,114.595.394-17,(86) 80886-8978,fazendasãojoãodacosta@ruraltec.com.br,Cidade MA,MA,Outra,Algodão / Cana-de-Açúcar,SILVER,2300,Latossolo Amarelo,Percevejos,Nov-Abr
user_337,Sítio Boa Vista do Silva EIRELI,Sítio Boa Vista do Silva EIRELI,Rafael Silva,998.130.104-51,(67) 16272-7133,sítioboavistadosilva@agrocorp.com.br,Cidade RN,RN,Nordeste,Milho / Algodão,GOLD,2400,Terra Roxa,Percevejos,Out-Mar
user_338,Fazenda Verde da Souza,Fazenda Verde da Souza,Bruno Souza,876.954.163-40,(58) 99360-4388,fazendaverdedasouza@ruraltec.com.br,Rondonópolis,GO,Centro-Oeste,Milho,PLATINUM,1600,Argissolo,Ferrugem,Nov-Abr
user_339,Cooperativa Lider da Almeida & Filhos,Cooperativa Lider da Almeida & Filhos,Rafael Almeida,341.576.681-41,(17) 44903-2738,cooperativaliderdaalmeidafilhos@ruraltec.com.br,Cidade AC,AC,Outra,Café / Soja,PLATINUM,1900,Latossolo Amarelo,Lagarta,Set-Fev
user_34,Sítio Horizonte do Melo,Sítio Horizonte do Melo,Leonardo Melo,079.083.521-32,(21) 30185-4291,sítiohorizontedomelo@ruraltec.com.br,Cidade SE,SE,Outra,Algodão / Cana-de-Açúcar,GOLD,2500,Neossolo,Lagarta / Percevejos,Out-Mar
user_340,Cooperativa Boa Vista da Barbosa,Cooperativa Boa Vista da Barbosa,Rafael Barbosa,054.263.073-05,(78) 40571-4750,cooperativaboavistadabarbosa@agrocorp.com.br,Cidade PB,PB,Outra,Trigo / Milho,DIAMOND,1800,Argissolo,Lagarta / Nematoides,Out-Mar
user_341,Sítio Esperança da Barbosa,Sítio Esperança da Barbosa,Nicolas Barbosa,860.885.721-57,(21) 52298-0216,sítioesperançadabarbosa@ruraltec.com.br,Cidade PE,PE,Nordeste,Trigo / Café,GOLD,1700,Latossolo Amarelo,Ferrugem / Nematoides,Abr-Ago
user_342,Cooperativa Horizonte do Gomes,Cooperativa Horizonte do Gomes,Mariana Gomes,663.775.096-11,(91) 87029-4568,cooperativahorizontedogomes@fazenda.com.br,Cidade BA,BA,Nordeste,Cana-de-Açúcar / Soja,GOLD,1200,Argissolo,Percevejos,Nov-Abr
user_343,Chácara Horizonte da Almeida,Chácara Horizonte da Almeida,Yasmin Almeida,855.298.724-59,(76) 67971-0250,chácarahorizontedaalmeida@agrocorp.com.br,Cidade MG,MG,Outra,Soja,SILVER,600,Neossolo,Percevejos,Out-Mar
user_344,Sítio São João da Almeida,Sítio São João da Almeida,Bruno Almeida,513.573.786-84,(94) 94342-2317,sítiosãojoãodaalmeida@fazenda.com.br,Cidade PA,PA,Norte,Milho / Trigo,PLATINUM,600,Neossolo,Ferrugem / Nematoides,Abr-Ago
user_345,Granja Esperança do Ferreira,Granja Esperança do Ferreira,Clara Ferreira,079.178.165-84,(43) 29627-6543,granjaesperançadoferreira@ruraltec.com.br,Cidade SC,SC,Outra,Café,GOLD,2200,Neossolo,Lagarta / Percevejos,Out-Mar
user_346,Chácara Ouro do Martins & Filhos,Chácara Ouro do Martins & Filhos,Rafael Martins,901.735.903-14,(80) 15306-3779,chácaraourodomartinsfilhos@ruraltec.com.br,Cidade MG,MG,Outra,Milho / Algodão,DIAMOND,1300,Terra Roxa,Percevejos / Ferrugem,Nov-Abr
user_347,Sítio Horizonte do Barbosa LTDA,Sítio Horizonte do Barbosa LTDA,Helena Barbosa,155.838.343-67,(47) 95417-8114,sítiohorizontedobarbosa@agrocorp.com.br,Cidade AL,AL,Outra,Milho,GOLD,1500,Terra Roxa,Percevejos / Nematoides,Set-Fev
user_348,Sítio São João da Nascimento,Sítio São João da Nascimento,Júlia Nascimento,183.226.739-74,(73) 37606-8583,sítiosãojoãodanascimento@fazenda.com.br,Cidade RS,RS,Outra,Cana-de-Açúcar,DIAMOND,1500,Latossolo Vermelho,Lagarta,Set-Fev
user_349,Sítio São João do Silva,Sítio São João do Silva,Bruno Silva,178.736.429-47,(65) 24634-8032,sítiosãojoãodosilva@ruraltec.com.br,Cidade SC,SC,Outra,Algodão,PLATINUM,1400,Neossolo,Nematoides,Out-Mar
user_35,Agropecuária São João da Melo,Agropecuária São João da Melo,Mariana Melo,677.153.265-79,(69) 91884-3051,agropecuáriasãojoãodamelo@fazenda.com.br,Cidade RO,RO,Outra,Cana-de-Açúcar / Milho,DIAMOND,3100,Latossolo Amarelo,Cigarrinha / Nematoides,Nov-Abr
user_350,Granja Lider da Lima,Granja Lider da Lima,Clara Lima,396.240.941-09,(74) 26205-7012,granjaliderdalima@agrocorp.com.br,Sorriso,MS,Centro-Oeste,Milho / Trigo,DIAMOND,3400,Argissolo,Nematoides / Cigarrinha,Set-Fev
user_351,Cooperativa Lider do Ribeiro,Cooperativa Lider do Ribeiro,Daniela Ribeiro,594.945.757-78,(19) 50785-3739,cooperativaliderdoribeiro@fazenda.com.br,Cidade BA,BA,Nordeste,Milho,SILVER,500,Latossolo Vermelho,Nematoides / Ferrugem,Set-Fev
user_352,Granja Ouro do Almeida,Granja Ouro do Almeida,Carlos Almeida,801.354.905-65,(86) 77520-5447,granjaourodoalmeida@ruraltec.com.br,Cidade RO,RO,Outra,Milho,SILVER,1900,Neossolo,Ferrugem / Cigarrinha,Out-Mar
user_353,Chácara Esperança do Melo,Chácara Esperança do Melo,Vinicius Melo,784.281.691-12,(63) 30007-9683,chácaraesperançadomelo@fazenda.com.br,Cidade SC,SC,Outra,Algodão / Trigo,SILVER,1800,Argissolo,Lagarta / Ferrugem,Set-Fev
user_354,Fazenda São João do Silva,Fazenda São João do Silva,Daniela Silva,572.792.177-62,(41) 31191-2766,fazendasãojoãodosilva@agrocorp.com.br,Cidade ES,ES,Outra,Cana-de-Açúcar / Milho,GOLD,2700,Neossolo,Ferrugem / Cigarrinha,Set-Fev
user_355,Cooperativa Progresso da Lima,Cooperativa Progresso da Lima,Paulo Lima,716.300.768-14,(60) 96938-8760,cooperativaprogressodalima@fazenda.com.br,Cidade BA,BA,Nordeste,Milho,SILVER,2000,Neossolo,Nematoides / Ferrugem,Nov-Abr
user_356,Granja São João da Nascimento,Granja São João da Nascimento,Júlia Nascimento,202.032.046-46,(39) 80573-9558,granjasãojoãodanascimento@agrocorp.com.br,Cidade PB,PB,Outra,Soja,SILVER,1100,Latossolo Amarelo,Cigarrinha / Ferrugem,Out-Mar
user_357,Sítio Progresso do Barbosa,Sítio Progresso do Barbosa,Eduardo Barbosa,826.902.923-52,(83) 53150-3441,sítioprogressodobarbosa@agrocorp.com.br,Cidade CE,CE,Outra,Algodão / Café,PLATINUM,1400,Argissolo,Nematoides,Out-Mar
user_358,Chácara Lider da Costa,Chácara Lider da Costa,Ana Costa,519.223.256-00,(20) 34067-7064,chácaraliderdacosta@ruraltec.com.br,Cidade MG,MG,Outra,Trigo,DIAMOND,3000,Terra Roxa,Nematoides / Cigarrinha,Set-Fev
user_359,Fazenda Esperança da Melo,Fazenda Esperança da Melo,Bruno Melo,250.048.974-26,(91) 55673-0964,fazendaesperançadamelo@fazenda.com.br,Cidade TO,TO,Outra,Trigo,SILVER,2100,Neossolo,Nematoides / Ferrugem,Out-Mar
user_36,Sítio Boa Vista do Cardoso,Sítio Boa Vista do Cardoso,Olivia Cardoso,087.034.893-75,(43) 76970-0266,sítioboavistadocardoso@agrocorp.com.br,Cidade SP,SP,Sudeste,Cana-de-Açúcar / Milho,DIAMOND,1500,Terra Roxa,Lagarta,Nov-Abr
user_360,Granja Verde do Melo,Granja Verde do Melo,Gabriel Melo,976.572.066-59,(83) 97431-3662,granjaverdedomelo@ruraltec.com.br,Cidade RJ,RJ,Outra,Cana-de-Açúcar / Algodão,PLATINUM,2100,Argissolo,Percevejos / Cigarrinha,Abr-Ago
user_361,Granja Progresso do Costa,Granja Progresso do Costa,Fernanda Costa,931.514.904-50,(73) 74868-1278,granjaprogressodocosta@ruraltec.com.br,Cidade TO,TO,Outra,Milho,SILVER,1900,Neossolo,Lagarta,Abr-Ago
user_362,Granja Ouro da Barbosa,Granja Ouro da Barbosa,Daniela Barbosa,499.096.121-34,(46) 95032-1091,granjaourodabarbosa@agrocorp.com.br,Cidade AP,AP,Outra,Algodão / Milho,DIAMOND,3100,Neossolo,Cigarrinha / Nematoides,Nov-Abr
user_363,Chácara Horizonte da Ferreira,Chácara Horizonte da Ferreira,Júlia Ferreira,336.986.511-39,(77) 30316-1215,chácarahorizontedaferreira@ruraltec.com.br,Cidade BA,BA,Nordeste,Café,GOLD,1700,Neossolo,Lagarta / Ferrugem,Abr-Ago
user_364,Sítio Lider do Melo,Sítio Lider do Melo,Yasmin Melo,894.300.058-04,(70) 48480-2479,sítioliderdomelo@agrocorp.com.br,Cidade RS,RS,Outra,Café / Milho,GOLD,1900,Terra Roxa,Cigarrinha,Out-Mar
user_365,Granja São João do Ferreira Agro,Granja São João do Ferreira Agro,Helena Ferreira,234.877.054-49,(81) 67679-4328,granjasãojoãodoferreiraagro@fazenda.com.br,Cidade PI,PI,Nordeste,Cana-de-Açúcar / Soja,SILVER,1100,Latossolo Vermelho,Ferrugem / Nematoides,Out-Mar
user_366,Fazenda Esperança do Ribeiro,Fazenda Esperança do Ribeiro,Bruno Ribeiro,076.554.694-61,(88) 82338-6800,fazendaesperançadoribeiro@fazenda.com.br,Cidade PB,PB,Outra,Cana-de-Açúcar,SILVER,1000,Argissolo,Nematoides / Lagarta,Set-Fev
user_367,Agropecuária Lider do Melo,Agropecuária Lider do Melo,Renata Melo,767.512.147-96,(17) 69997-1988,agropecuárialiderdomelo@agrocorp.com.br,Cidade AP,AP,Outra,Milho,SILVER,1400,Neossolo,Nematoides / Percevejos,Abr-Ago
user_368,Chácara Progresso do Oliveira,Chácara Progresso do Oliveira,Tatiana Oliveira,615.327.141-04,(66) 47615-3056,chácaraprogressodooliveira@fazenda.com.br,Cidade SE,SE,Outra,Algodão,GOLD,2700,Terra Roxa,Cigarrinha / Lagarta,Out-Mar
user_369,Agropecuária Boa Vista da Pereira Comércio,Agropecuária Boa Vista da Pereira Comércio,Júlia Pereira,477.064.113-67,(22) 71836-8716,agropecuáriaboavistadapereiracomércio@agrocorp.com.br,Cidade MG,MG,Outra,Trigo,GOLD,2200,Latossolo Amarelo,Cigarrinha / Ferrugem,Set-Fev
user_37,Fazenda Boa Vista da Silva LTDA,Fazenda Boa Vista da Silva LTDA,Bruno Silva,840.979.865-84,(71) 35011-1725,fazendaboavistadasilva@fazenda.com.br,Cidade PE,PE,Nordeste,Cana-de-Açúcar / Milho,DIAMOND,1200,Argissolo,Percevejos / Lagarta,Set-Fev
user_370,Sítio Verde da Barbosa,Sítio Verde da Barbosa,Renata Barbosa,162.967.965-48,(35) 67738-1265,sítioverdedabarbosa@fazenda.com.br,Cidade TO,TO,Outra,Soja,DIAMOND,3200,Terra Roxa,Cigarrinha / Lagarta,Out-Mar
user_371,Fazenda São João da Barbosa,Fazenda São João da Barbosa,Tatiana Barbosa,704.002.187-18,(35) 68185-6884,fazendasãojoãodabarbosa@agrocorp.com.br,Goiânia,MT,Centro-Oeste,Soja,DIAMOND,2800,Latossolo Amarelo,Nematoides,Out-Mar
user_372,Granja Esperança do Souza,Granja Esperança do Souza,Helena Souza,173.278.620-30,(20) 12525-8820,granjaesperançadosouza@agrocorp.com.br,Cidade MG,MG,Outra,Trigo / Cana-de-Açúcar,GOLD,600,Latossolo Vermelho,Percevejos / Nematoides,Nov-Abr
user_373,Sítio Progresso da Almeida,Sítio Progresso da Almeida,Igor Almeida,498.268.990-10,(22) 62399-7981,sítioprogressodaalmeida@fazenda.com.br,Cidade AM,AM,Outra,Soja / Cana-de-Açúcar,PLATINUM,2500,Terra Roxa,Cigarrinha,Nov-Abr
user_374,Chácara Lider do Ribeiro,Chácara Lider do Ribeiro,Renata Ribeiro,369.338.073-58,(80) 53141-3255,chácaraliderdoribeiro@agrocorp.com.br,Cidade BA,BA,Nordeste,Milho / Cana-de-Açúcar,GOLD,1000,Argissolo,Ferrugem,Nov-Abr
user_375,Granja São João da Almeida,Granja São João da Almeida,Gabriel Almeida,820.631.459-79,(39) 95767-7404,granjasãojoãodaalmeida@agrocorp.com.br,Cidade PR,PR,Sul,Trigo / Milho,GOLD,2000,Neossolo,Lagarta,Abr-Ago
user_376,Granja Lider do Ferreira,Granja Lider do Ferreira,Renata Ferreira,738.926.744-29,(14) 57526-0791,granjaliderdoferreira@fazenda.com.br,Cidade SE,SE,Outra,Trigo / Soja,PLATINUM,1100,Neossolo,Percevejos,Out-Mar
user_377,Agropecuária Verde do Ribeiro,Agropecuária Verde do Ribeiro,Renata Ribeiro,062.145.699-27,(85) 77730-3250,agropecuáriaverdedoribeiro@fazenda.com.br,Cidade PE,PE,Nordeste,Algodão,SILVER,2300,Argissolo,Nematoides / Cigarrinha,Out-Mar
user_378,Cooperativa Horizonte do Nascimento Rural,Cooperativa Horizonte do Nascimento Rural,Júlia Nascimento,802.894.491-97,(97) 71202-3001,cooperativahorizontedonascimentorural@fazenda.com.br,Cidade RS,RS,Outra,Algodão / Cana-de-Açúcar,GOLD,800,Terra Roxa,Cigarrinha / Nematoides,Set-Fev
user_379,Cooperativa Progresso do Silva,Cooperativa Progresso do Silva,Eduardo Silva,950.003.543-50,(42) 71834-3917,cooperativaprogressodosilva@fazenda.com.br,Cidade SC,SC,Outra,Algodão / Trigo,DIAMOND,800,Argissolo,Ferrugem,Nov-Abr
user_38,Fazenda Verde do Lima,Fazenda Verde do Lima,Mariana Lima,483.019.358-20,(13) 30410-6498,fazendaverdedolima@agrocorp.com.br,Cidade DF,DF,Outra,Trigo,DIAMOND,1700,Terra Roxa,Ferrugem / Nematoides,Out-Mar
user_380,Chácara São João do Ribeiro,Chácara São João do Ribeiro,Ana Ribeiro,583.127.811-58,(75) 62434-8249,chácarasãojoãodoribeiro@fazenda.com.br,Lucas do Rio Verde,MT,Centro-Oeste,Soja / Café,PLATINUM,2200,Argissolo,Lagarta,Set-Fev
user_381,Sítio Lider do Oliveira,Sítio Lider do Oliveira,Clara Oliveira,721.165.668-46,(86) 84079-0630,sítioliderdooliveira@agrocorp.com.br,Sorriso,MT,Centro-Oeste,Cana-de-Açúcar,DIAMOND,3300,Latossolo Amarelo,Nematoides / Lagarta,Out-Mar
user_382,Chácara Lider da Costa,Chácara Lider da Costa,Karen Costa,484.532.737-89,(89) 98811-0253,chácaraliderdacosta@ruraltec.com.br,Cidade RR,RR,Norte,Café / Milho,PLATINUM,800,Latossolo Amarelo,Cigarrinha / Nematoides,Abr-Ago
user_383,Fazenda Esperança da Ferreira LTDA,Fazenda Esperança da Ferreira LTDA,Nicolas Ferreira,986.724.336-12,(58) 11298-1894,fazendaesperançadaferreira@agrocorp.com.br,Cidade RO,RO,Outra,Trigo / Cana-de-Açúcar,SILVER,2400,Latossolo Amarelo,Lagarta / Ferrugem,Set-Fev
user_384,Cooperativa Esperança do Costa LTDA,Cooperativa Esperança do Costa LTDA,Igor Costa,098.922.632-49,(13) 55252-9292,cooperativaesperançadocosta@ruraltec.com.br,Cidade AL,AL,Outra,Cana-de-Açúcar / Trigo,DIAMOND,1300,Neossolo,Nematoides / Percevejos,Out-Mar
user_385,Fazenda Horizonte do Melo,Fazenda Horizonte do Melo,Carlos Melo,429.682.990-03,(57) 35731-0048,fazendahorizontedomelo@fazenda.com.br,Lucas do Rio Verde,MT,Centro-Oeste,Milho,PLATINUM,1700,Terra Roxa,Lagarta / Nematoides,Out-Mar
user_386,Granja Verde do Melo,Granja Verde do Melo,Igor Melo,348.225.606-79,(84) 35382-2152,granjaverdedomelo@agrocorp.com.br,Cidade PI,PI,Nordeste,Milho,SILVER,1000,Terra Roxa,Nematoides / Lagarta,Out-Mar
user_387,Sítio Progresso da Barbosa,Sítio Progresso da Barbosa,Clara Barbosa,650.283.599-30,(26) 87074-0927,sítioprogressodabarbosa@ruraltec.com.br,Cidade PR,PR,Sul,Cana-de-Açúcar,SILVER,1000,Neossolo,Nematoides,Nov-Abr
user_388,Agropecuária São João do Oliveira,Agropecuária São João do Oliveira,Helena Oliveira,996.209.566-07,(22) 50131-1396,agropecuáriasãojoãodooliveira@agrocorp.com.br,Cidade AP,AP,Outra,Milho / Algodão,DIAMOND,3600,Latossolo Vermelho,Lagarta / Nematoides,Abr-Ago
user_389,Fazenda Esperança do Martins,Fazenda Esperança do Martins,Helena Martins,058.009.671-99,(14) 37325-1176,fazendaesperançadomartins@agrocorp.com.br,Cidade CE,CE,Outra,Café,SILVER,1900,Argissolo,Lagarta,Abr-Ago
user_39,Agropecuária Progresso da Ferreira,Agropecuária Progresso da Ferreira,Gabriel Ferreira,354.497.809-78,(79) 56241-3561,agropecuáriaprogressodaferreira@fazenda.com.br,Cidade AM,AM,Outra,Cana-de-Açúcar,DIAMOND,3000,Latossolo Vermelho,Cigarrinha,Out-Mar
user_390,Cooperativa Lider do Rocha,Cooperativa Lider do Rocha,Olivia Rocha,715.630.259-99,(80) 68173-9655,cooperativaliderdorocha@ruraltec.com.br,Lucas do Rio Verde,MT,Centro-Oeste,Trigo / Soja,PLATINUM,900,Neossolo,Nematoides,Out-Mar
user_391,Granja Progresso do Souza EIRELI,Granja Progresso do Souza EIRELI,Renata Souza,916.604.772-27,(99) 20557-6301,granjaprogressodosouza@fazenda.com.br,Cidade CE,CE,Outra,Soja / Trigo,PLATINUM,500,Terra Roxa,Percevejos / Cigarrinha,Abr-Ago
user_392,Chácara Verde do Almeida,Chácara Verde do Almeida,Helena Almeida,837.320.628-70,(11) 52564-3338,chácaraverdedoalmeida@ruraltec.com.br,Cidade RS,RS,Outra,Trigo / Soja,DIAMOND,1300,Terra Roxa,Nematoides,Nov-Abr
user_393,Agropecuária São João do Nascimento,Agropecuária São João do Nascimento,Olivia Nascimento,811.797.533-03,(41) 81873-6944,agropecuáriasãojoãodonascimento@agrocorp.com.br,Cidade SE,SE,Outra,Café,GOLD,1000,Latossolo Vermelho,Lagarta / Ferrugem,Set-Fev
user_394,Sítio Progresso do Ribeiro,Sítio Progresso do Ribeiro,Samuel Ribeiro,180.648.577-36,(57) 12612-3710,sítioprogressodoribeiro@ruraltec.com.br,Sorriso,MT,Centro-Oeste,Trigo / Café,GOLD,2000,Latossolo Amarelo,Percevejos / Ferrugem,Nov-Abr
user_395,Cooperativa Progresso do Pereira,Cooperativa Progresso do Pereira,Eduardo Pereira,374.591.223-52,(89) 54654-1908,cooperativaprogressodopereira@fazenda.com.br,Cidade PA,PA,Norte,Soja / Cana-de-Açúcar,SILVER,500,Neossolo,Cigarrinha,Out-Mar
user_396,Agropecuária Boa Vista do Silva,Agropecuária Boa Vista do Silva,Renata Silva,599.742.487-12,(61) 63269-7071,agropecuáriaboavistadosilva@ruraltec.com.br,Goiânia,GO,Centro-Oeste,Trigo,DIAMOND,1500,Argissolo,Percevejos / Ferrugem,Set-Fev
user_397,Granja Progresso da Oliveira,Granja Progresso da Oliveira,Renata Oliveira,532.928.861-32,(42) 24623-9277,granjaprogressodaoliveira@agrocorp.com.br,Cidade RS,RS,Outra,Café,DIAMOND,1500,Neossolo,Lagarta,Abr-Ago
user_398,Chácara Boa Vista da Almeida,Chácara Boa Vista da Almeida,Yasmin Almeida,357.942.257-74,(67) 55696-6127,chácaraboavistadaalmeida@agrocorp.com.br,Cidade AP,AP,Outra,Milho / Soja,SILVER,1500,Latossolo Amarelo,Nematoides / Cigarrinha,Set-Fev
user_399,Agropecuária Ouro do Ferreira,Agropecuária Ouro do Ferreira,Nicolas Ferreira,563.774.314-33,(39) 38062-9884,agropecuáriaourodoferreira@fazenda.com.br,Cidade AP,AP,Outra,Cana-de-Açúcar,DIAMOND,3700,Latossolo Amarelo,Cigarrinha / Percevejos,Out-Mar
user_4,Chácara Verde do Barbosa,Chácara Verde do Barbosa,Júlia Barbosa,242.521.877-38,(31) 34069-6630,chácaraverdedobarbosa@ruraltec.com.br,Cidade MG,MG,Outra,Cana-de-Açúcar / Café,SILVER,2400,Terra Roxa,Nematoides / Lagarta,Set-Fev
user_40,Fazenda Progresso do Oliveira,Fazenda Progresso do Oliveira,Yasmin Oliveira,207.462.854-28,(35) 32838-6170,fazendaprogressodooliveira@fazenda.com.br,Cidade ES,ES,Outra,Cana-de-Açúcar / Trigo,DIAMOND,2500,Terra Roxa,Cigarrinha,Abr-Ago
user_400,Fazenda Verde do Barbosa,Fazenda Verde do Barbosa,Igor Barbosa,298.096.609-42,(34) 79955-6266,fazendaverdedobarbosa@agrocorp.com.br,Goiânia,MS,Centro-Oeste,Soja,PLATINUM,2100,Terra Roxa,Nematoides,Set-Fev
user_401,Cooperativa Progresso do Rocha,Cooperativa Progresso do Rocha,Gabriel Rocha,161.546.949-56,(71) 28269-6966,cooperativaprogressodorocha@fazenda.com.br,Cidade AP,AP,Outra,Cana-de-Açúcar,PLATINUM,1000,Neossolo,Nematoides,Nov-Abr
user_402,Cooperativa São João do Nascimento,Cooperativa São João do Nascimento,Olivia Nascimento,093.733.510-85,(68) 65068-1645,cooperativasãojoãodonascimento@ruraltec.com.br,Cidade RS,RS,Outra,Soja,SILVER,2100,Terra Roxa,Lagarta / Ferrugem,Set-Fev
user_403,Sítio Boa Vista do Silva,Sítio Boa Vista do Silva,Renata Silva,562.427.144-76,(58) 10780-3987,sítioboavistadosilva@agrocorp.com.br,Cidade RJ,RJ,Outra,Trigo / Milho,GOLD,2300,Terra Roxa,Ferrugem / Nematoides,Out-Mar
user_404,Chácara Progresso do Silva,Chácara Progresso do Silva,Fernanda Silva,562.700.497-98,(50) 77996-8750,chácaraprogressodosilva@fazenda.com.br,Cidade RN,RN,Nordeste,Soja / Cana-de-Açúcar,PLATINUM,1300,Terra Roxa,Nematoides / Cigarrinha,Nov-Abr
user_405,Cooperativa São João da Rocha,Cooperativa São João da Rocha,Rafael Rocha,134.184.710-62,(69) 85363-3891,cooperativasãojoãodarocha@agrocorp.com.br,Cidade AP,AP,Outra,Trigo,SILVER,1100,Latossolo Vermelho,Cigarrinha / Ferrugem,Set-Fev
user_406,Fazenda São João do Ferreira,Fazenda São João do Ferreira,Bruno Ferreira,882.903.416-70,(61) 55971-2468,fazendasãojoãodoferreira@fazenda.com.br,Cidade SC,SC,Outra,Cana-de-Açúcar / Café,SILVER,1200,Latossolo Amarelo,Cigarrinha / Percevejos,Nov-Abr
user_407,Granja Progresso da Barbosa,Granja Progresso da Barbosa,Júlia Barbosa,715.754.106-80,(89) 73326-7920,granjaprogressodabarbosa@fazenda.com.br,Cidade RJ,RJ,Outra,Cana-de-Açúcar,DIAMOND,900,Neossolo,Cigarrinha / Percevejos,Out-Mar
user_408,Cooperativa Horizonte da Ferreira,Cooperativa Horizonte da Ferreira,Mariana Ferreira,380.855.835-55,(68) 41729-7154,cooperativahorizontedaferreira@ruraltec.com.br,Cidade CE,CE,Outra,Trigo / Milho,SILVER,800,Argissolo,Nematoides,Out-Mar
user_409,Sítio Boa Vista da Pereira,Sítio Boa Vista da Pereira,Igor Pereira,651.436.180-80,(45) 85046-5202,sítioboavistadapereira@agrocorp.com.br,Cidade MG,MG,Outra,Soja,SILVER,2000,Latossolo Vermelho,Cigarrinha,Nov-Abr
user_41,Cooperativa Verde do Almeida,Cooperativa Verde do Almeida,Ana Almeida,837.065.442-81,(16) 15338-0260,cooperativaverdedoalmeida@ruraltec.com.br,Cidade PR,PR,Sul,Algodão / Milho,PLATINUM,2300,Argissolo,Nematoides,Out-Mar
user_410,Agropecuária São João da Rocha,Agropecuária São João da Rocha,Karen Rocha,617.961.865-89,(54) 34163-4685,agropecuáriasãojoãodarocha@fazenda.com.br,Cidade DF,DF,Outra,Soja,GOLD,2400,Latossolo Amarelo,Cigarrinha,Abr-Ago
user_411,Agropecuária Esperança da Ribeiro,Agropecuária Esperança da Ribeiro,Clara Ribeiro,157.820.039-54,(84) 40745-4731,agropecuáriaesperançadaribeiro@ruraltec.com.br,Cidade ES,ES,Outra,Milho,DIAMOND,1700,Latossolo Vermelho,Percevejos / Cigarrinha,Set-Fev
user_412,Chácara São João do Rocha,Chácara São João do Rocha,Paulo Rocha,761.754.705-00,(78) 23904-4281,chácarasãojoãodorocha@ruraltec.com.br,Cidade PE,PE,Nordeste,Trigo,DIAMOND,1700,Neossolo,Lagarta / Percevejos,Abr-Ago
user_413,Cooperativa Progresso da Melo Comércio,Cooperativa Progresso da Melo Comércio,Igor Melo,322.731.457-84,(67) 45376-7485,cooperativaprogressodamelocomércio@fazenda.com.br,Cidade RN,RN,Nordeste,Algodão,SILVER,2200,Latossolo Vermelho,Percevejos / Nematoides,Out-Mar
user_414,Chácara Boa Vista da Costa,Chácara Boa Vista da Costa,Paulo Costa,398.280.159-60,(40) 98538-9943,chácaraboavistadacosta@ruraltec.com.br,Cidade RR,RR,Norte,Cana-de-Açúcar,SILVER,1700,Latossolo Vermelho,Percevejos / Ferrugem,Set-Fev
user_415,Agropecuária Lider da Nascimento,Agropecuária Lider da Nascimento,Olivia Nascimento,869.209.611-19,(18) 20905-9793,agropecuárialiderdanascimento@ruraltec.com.br,Cidade RJ,RJ,Outra,Café / Soja,DIAMOND,1200,Argissolo,Percevejos / Cigarrinha,Out-Mar
user_416,Chácara Horizonte do Rocha,Chácara Horizonte do Rocha,Vinicius Rocha,484.372.744-28,(56) 50272-8111,chácarahorizontedorocha@fazenda.com.br,Cidade MG,MG,Outra,Café,GOLD,3000,Terra Roxa,Ferrugem / Percevejos,Abr-Ago
user_417,Agropecuária São João da Ferreira,Agropecuária São João da Ferreira,Helena Ferreira,534.284.353-43,(65) 32671-1322,agropecuáriasãojoãodaferreira@fazenda.com.br,Cidade PB,PB,Outra,Trigo,PLATINUM,1600,Terra Roxa,Lagarta / Ferrugem,Nov-Abr
user_418,Granja Verde do Ribeiro,Granja Verde do Ribeiro,Helena Ribeiro,557.040.736-44,(48) 49960-6600,granjaverdedoribeiro@ruraltec.com.br,Cidade RJ,RJ,Outra,Trigo,GOLD,2900,Neossolo,Nematoides / Ferrugem,Set-Fev
user_419,Agropecuária Boa Vista do Lima LTDA,Agropecuária Boa Vista do Lima LTDA,Ana Lima,882.273.079-20,(27) 82413-5953,agropecuáriaboavistadolima@fazenda.com.br,Cidade AM,AM,Outra,Milho / Café,DIAMOND,2400,Argissolo,Ferrugem / Nematoides,Set-Fev
user_42,Granja Lider do Oliveira,Granja Lider do Oliveira,Mariana Oliveira,247.130.718-27,(46) 26152-5157,granjaliderdooliveira@ruraltec.com.br,Cidade AC,AC,Outra,Café,GOLD,2500,Neossolo,Cigarrinha / Nematoides,Nov-Abr
user_420,Chácara Lider do Lima,Chácara Lider do Lima,Júlia Lima,559.450.736-37,(60) 44695-5128,chácaraliderdolima@ruraltec.com.br,Sorriso,GO,Centro-Oeste,Café,PLATINUM,1100,Latossolo Vermelho,Cigarrinha / Ferrugem,Nov-Abr
user_421,Cooperativa Lider do Lima,Cooperativa Lider do Lima,Igor Lima,231.237.654-87,(24) 37655-5630,cooperativaliderdolima@fazenda.com.br,Cidade SE,SE,Outra,Cana-de-Açúcar,GOLD,1200,Argissolo,Nematoides / Cigarrinha,Abr-Ago
user_422,Fazenda São João da Ribeiro,Fazenda São João da Ribeiro,Igor Ribeiro,518.419.680-06,(13) 76892-2303,fazendasãojoãodaribeiro@fazenda.com.br,Cidade RJ,RJ,Outra,Milho,GOLD,2500,Terra Roxa,Nematoides,Nov-Abr
user_423,Granja Verde do Oliveira,Granja Verde do Oliveira,Vinicius Oliveira,165.036.261-87,(77) 46014-6935,granjaverdedooliveira@ruraltec.com.br,Cidade MA,MA,Outra,Algodão,DIAMOND,3400,Latossolo Vermelho,Ferrugem / Percevejos,Out-Mar
user_424,Fazenda Boa Vista da Cardoso,Fazenda Boa Vista da Cardoso,Paulo Cardoso,755.785.723-01,(25) 96344-0415,fazendaboavistadacardoso@fazenda.com.br,Cidade AP,AP,Outra,Café,DIAMOND,2100,Latossolo Vermelho,Cigarrinha / Percevejos,Nov-Abr
user_425,Granja Progresso da Rocha,Granja Progresso da Rocha,Vinicius Rocha,122.400.699-21,(94) 46792-3357,granjaprogressodarocha@fazenda.com.br,Sorriso,MS,Centro-Oeste,Soja,DIAMOND,2400,Terra Roxa,Percevejos / Ferrugem,Set-Fev
user_426,Fazenda Horizonte do Oliveira EIRELI,Fazenda Horizonte do Oliveira EIRELI,Gabriel Oliveira,737.356.764-06,(89) 82987-8845,fazendahorizontedooliveira@fazenda.com.br,Cidade ES,ES,Outra,Soja / Algodão,PLATINUM,1100,Terra Roxa,Ferrugem,Set-Fev
user_427,Agropecuária Progresso do Pereira Comércio,Agropecuária Progresso do Pereira Comércio,Rafael Pereira,466.684.436-07,(34) 88024-8010,agropecuáriaprogressodopereiracomércio@ruraltec.com.br,Cidade PI,PI,Nordeste,Cana-de-Açúcar / Trigo,SILVER,700,Terra Roxa,Ferrugem / Percevejos,Out-Mar
user_428,Cooperativa Boa Vista do Silva,Cooperativa Boa Vista do Silva,Nicolas Silva,973.841.709-09,(81) 72215-0813,cooperativaboavistadosilva@ruraltec.com.br,Cidade CE,CE,Outra,Milho / Café,DIAMOND,3500,Latossolo Vermelho,Lagarta,Set-Fev
user_429,Granja Progresso do Cardoso,Granja Progresso do Cardoso,Ana Cardoso,509.909.896-28,(46) 51889-7693,granjaprogressodocardoso@ruraltec.com.br,Cidade CE,CE,Outra,Algodão,SILVER,1200,Argissolo,Lagarta / Cigarrinha,Set-Fev
user_43,Cooperativa Boa Vista do Cardoso,Cooperativa Boa Vista do Cardoso,Yasmin Cardoso,791.391.032-37,(75) 53558-2018,cooperativaboavistadocardoso@fazenda.com.br,Cidade CE,CE,Outra,Café,DIAMOND,1700,Latossolo Vermelho,Nematoides / Lagarta,Out-Mar
user_430,Sítio Progresso da Pereira,Sítio Progresso da Pereira,Júlia Pereira,085.559.453-70,(40) 87237-2986,sítioprogressodapereira@ruraltec.com.br,Cidade PA,PA,Norte,Milho,SILVER,2500,Latossolo Amarelo,Percevejos / Lagarta,Set-Fev
user_431,Agropecuária São João da Barbosa,Agropecuária São João da Barbosa,Ana Barbosa,701.099.243-45,(31) 36355-1071,agropecuáriasãojoãodabarbosa@ruraltec.com.br,Cidade TO,TO,Outra,Milho,DIAMOND,2800,Neossolo,Nematoides,Out-Mar
user_432,Sítio Boa Vista da Almeida,Sítio Boa Vista da Almeida,Yasmin Almeida,095.698.427-66,(32) 36714-9829,sítioboavistadaalmeida@agrocorp.com.br,Cidade BA,BA,Nordeste,Cana-de-Açúcar,GOLD,2600,Latossolo Amarelo,Cigarrinha / Percevejos,Abr-Ago
user_433,Cooperativa Ouro da Lima,Cooperativa Ouro da Lima,Helena Lima,009.651.333-48,(62) 50844-2733,cooperativaourodalima@ruraltec.com.br,Cidade ES,ES,Outra,Milho,SILVER,1100,Latossolo Amarelo,Lagarta / Cigarrinha,Abr-Ago
user_434,Cooperativa Horizonte da Oliveira,Cooperativa Horizonte da Oliveira,Tatiana Oliveira,417.284.449-85,(89) 35493-1656,cooperativahorizontedaoliveira@agrocorp.com.br,Cidade CE,CE,Outra,Soja / Trigo,SILVER,800,Neossolo,Cigarrinha / Ferrugem,Nov-Abr
user_435,Sítio Progresso da Oliveira,Sítio Progresso da Oliveira,Ana Oliveira,061.282.611-46,(64) 55143-6098,sítioprogressodaoliveira@fazenda.com.br,Cidade MA,MA,Outra,Cana-de-Açúcar,GOLD,3000,Neossolo,Cigarrinha / Percevejos,Out-Mar
user_436,Granja Verde do Barbosa,Granja Verde do Barbosa,Gabriel Barbosa,198.231.688-94,(46) 38824-0291,granjaverdedobarbosa@agrocorp.com.br,Cidade PE,PE,Nordeste,Cana-de-Açúcar / Café,GOLD,700,Latossolo Amarelo,Ferrugem / Lagarta,Nov-Abr
user_437,Chácara Horizonte do Barbosa,Chácara Horizonte do Barbosa,Mariana Barbosa,294.411.555-02,(44) 60935-9735,chácarahorizontedobarbosa@agrocorp.com.br,Cidade MA,MA,Outra,Algodão / Soja,GOLD,2400,Latossolo Vermelho,Ferrugem / Cigarrinha,Out-Mar
user_438,Sítio Ouro da Martins,Sítio Ouro da Martins,Fernanda Martins,424.208.025-88,(69) 48805-9928,sítioourodamartins@agrocorp.com.br,Cidade PA,PA,Norte,Café / Trigo,SILVER,1700,Argissolo,Nematoides / Ferrugem,Set-Fev
user_439,Cooperativa Esperança do Souza,Cooperativa Esperança do Souza,Daniela Souza,787.473.268-28,(37) 13027-9574,cooperativaesperançadosouza@fazenda.com.br,Cidade PB,PB,Outra,Trigo,GOLD,1300,Latossolo Amarelo,Cigarrinha / Lagarta,Set-Fev
user_44,Granja Esperança do Rocha,Granja Esperança do Rocha,Carlos Rocha,878.612.363-61,(63) 17110-7122,granjaesperançadorocha@ruraltec.com.br,Cidade ES,ES,Outra,Algodão / Café,SILVER,1300,Latossolo Vermelho,Lagarta,Out-Mar
user_440,Granja Esperança do Rocha,Granja Esperança do Rocha,Samuel Rocha,948.178.609-21,(25) 59377-8855,granjaesperançadorocha@fazenda.com.br,Cidade DF,DF,Outra,Algodão,PLATINUM,1800,Argissolo,Ferrugem,Nov-Abr
user_441,Cooperativa Ouro do Ferreira,Cooperativa Ouro do Ferreira,Rafael Ferreira,936.030.677-08,(74) 83238-0530,cooperativaourodoferreira@fazenda.com.br,Cidade AM,AM,Outra,Cana-de-Açúcar,PLATINUM,700,Latossolo Amarelo,Lagarta / Cigarrinha,Abr-Ago
user_442,Cooperativa Boa Vista da Barbosa,Cooperativa Boa Vista da Barbosa,Olivia Barbosa,427.636.790-18,(57) 97862-4094,cooperativaboavistadabarbosa@ruraltec.com.br,Cidade RO,RO,Outra,Milho,DIAMOND,2400,Latossolo Amarelo,Ferrugem / Percevejos,Out-Mar
user_443,Granja Lider da Almeida,Granja Lider da Almeida,Samuel Almeida,992.232.298-22,(94) 89453-2264,granjaliderdaalmeida@fazenda.com.br,Cidade AL,AL,Outra,Algodão / Cana-de-Açúcar,SILVER,2000,Neossolo,Ferrugem,Out-Mar
user_444,Chácara Lider da Souza EIRELI,Chácara Lider da Souza EIRELI,Carlos Souza,093.611.448-62,(90) 66844-8810,chácaraliderdasouza@agrocorp.com.br,Cidade PA,PA,Norte,Cana-de-Açúcar / Soja,DIAMOND,1300,Neossolo,Percevejos / Cigarrinha,Abr-Ago
user_445,Agropecuária Horizonte do Lima,Agropecuária Horizonte do Lima,Tatiana Lima,689.997.702-85,(83) 44138-3443,agropecuáriahorizontedolima@agrocorp.com.br,Cidade SE,SE,Outra,Milho,PLATINUM,1800,Terra Roxa,Percevejos,Nov-Abr
user_446,Sítio Ouro da Ferreira EIRELI,Sítio Ouro da Ferreira EIRELI,Carlos Ferreira,864.319.651-55,(42) 83965-3233,sítioourodaferreira@ruraltec.com.br,Lucas do Rio Verde,MT,Centro-Oeste,Milho,DIAMOND,3700,Latossolo Amarelo,Ferrugem,Abr-Ago
user_447,Cooperativa Progresso do Gomes,Cooperativa Progresso do Gomes,Carlos Gomes,176.592.596-53,(90) 26525-8774,cooperativaprogressodogomes@agrocorp.com.br,Cidade RJ,RJ,Outra,Trigo / Cana-de-Açúcar,SILVER,600,Argissolo,Lagarta / Nematoides,Abr-Ago
user_448,Granja Verde do Souza,Granja Verde do Souza,Paulo Souza,935.548.067-82,(18) 23729-9223,granjaverdedosouza@ruraltec.com.br,Sorriso,MS,Centro-Oeste,Milho,GOLD,2800,Latossolo Amarelo,Nematoides / Cigarrinha,Set-Fev
user_449,Sítio Ouro do Costa,Sítio Ouro do Costa,Eduardo Costa,049.595.869-16,(69) 23490-2626,sítioourodocosta@ruraltec.com.br,Cidade MG,MG,Outra,Algodão,SILVER,600,Latossolo Vermelho,Lagarta,Set-Fev
user_45,Sítio Esperança do Rocha Agro,Sítio Esperança do Rocha Agro,Júlia Rocha,478.219.207-08,(82) 74384-7482,sítioesperançadorochaagro@fazenda.com.br,Cidade PA,PA,Norte,Café / Cana-de-Açúcar,DIAMOND,3000,Latossolo Amarelo,Ferrugem / Lagarta,Out-Mar
user_450,Chácara Lider da Silva,Chácara Lider da Silva,Carlos Silva,167.036.932-79,(90) 92790-2522,chácaraliderdasilva@fazenda.com.br,Cidade AP,AP,Outra,Milho / Trigo,DIAMOND,2600,Terra Roxa,Cigarrinha / Percevejos,Out-Mar
user_451,Chácara Verde da Gomes,Chácara Verde da Gomes,Carlos Gomes,859.556.734-12,(22) 42287-8076,chácaraverdedagomes@fazenda.com.br,Rondonópolis,MT,Centro-Oeste,Algodão / Café,DIAMOND,1700,Neossolo,Nematoides,Set-Fev
user_452,Granja Esperança do Cardoso,Granja Esperança do Cardoso,Ana Cardoso,975.352.982-97,(65) 51727-2004,granjaesperançadocardoso@ruraltec.com.br,Cidade ES,ES,Outra,Algodão / Milho,PLATINUM,900,Latossolo Vermelho,Percevejos / Ferrugem,Abr-Ago
user_453,Chácara Progresso da Pereira,Chácara Progresso da Pereira,Nicolas Pereira,697.682.480-98,(55) 41408-3622,chácaraprogressodapereira@fazenda.com.br,Cidade RO,RO,Outra,Café / Algodão,SILVER,2000,Neossolo,Nematoides,Nov-Abr
user_454,Sítio Lider da Ribeiro,Sítio Lider da Ribeiro,Renata Ribeiro,303.014.456-50,(80) 25054-5582,sítioliderdaribeiro@ruraltec.com.br,Cidade CE,CE,Outra,Café / Soja,SILVER,1100,Terra Roxa,Ferrugem / Nematoides,Nov-Abr
user_455,Cooperativa Lider do Oliveira,Cooperativa Lider do Oliveira,Leonardo Oliveira,006.085.901-65,(73) 84130-9460,cooperativaliderdooliveira@fazenda.com.br,Cidade RO,RO,Outra,Algodão,DIAMOND,2400,Terra Roxa,Percevejos / Nematoides,Abr-Ago
user_456,Fazenda São João do Ferreira & Filhos,Fazenda São João do Ferreira & Filhos,Clara Ferreira,191.437.654-25,(62) 32238-3690,fazendasãojoãodoferreirafilhos@ruraltec.com.br,Cidade SE,SE,Outra,Milho / Trigo,SILVER,700,Argissolo,Nematoides / Cigarrinha,Set-Fev
user_457,Agropecuária Boa Vista da Melo,Agropecuária Boa Vista da Melo,Karen Melo,928.016.217-19,(37) 58286-2044,agropecuáriaboavistadamelo@agrocorp.com.br,Cidade AM,AM,Outra,Cana-de-Açúcar / Algodão,PLATINUM,900,Argissolo,Ferrugem / Lagarta,Abr-Ago
user_458,Sítio Verde da Oliveira,Sítio Verde da Oliveira,Leonardo Oliveira,662.265.928-62,(71) 84451-3257,sítioverdedaoliveira@fazenda.com.br,Cidade AP,AP,Outra,Café / Milho,GOLD,2400,Latossolo Vermelho,Cigarrinha,Set-Fev
user_459,Granja Lider do Costa,Granja Lider do Costa,Leonardo Costa,748.517.528-73,(93) 94300-9950,granjaliderdocosta@agrocorp.com.br,Campo Grande,MT,Centro-Oeste,Algodão,SILVER,600,Latossolo Amarelo,Cigarrinha / Nematoides,Out-Mar
user_46,Sítio Esperança da Melo Agro,Sítio Esperança da Melo Agro,Igor Melo,259.090.898-81,(79) 42739-7630,sítioesperançadameloagro@ruraltec.com.br,Cidade RR,RR,Norte,Soja,SILVER,1600,Latossolo Vermelho,Cigarrinha / Percevejos,Out-Mar
user_460,Granja Ouro do Pereira,Granja Ouro do Pereira,Gabriel Pereira,188.871.632-46,(64) 48769-1578,granjaourodopereira@ruraltec.com.br,Cidade AL,AL,Outra,Cana-de-Açúcar / Algodão,GOLD,1900,Argissolo,Lagarta / Ferrugem,Set-Fev
user_461,Sítio São João da Silva Rural,Sítio São João da Silva Rural,Bruno Silva,434.162.486-63,(64) 31652-2614,sítiosãojoãodasilvarural@fazenda.com.br,Cidade RN,RN,Nordeste,Cana-de-Açúcar / Café,GOLD,1500,Latossolo Vermelho,Cigarrinha / Nematoides,Nov-Abr
user_462,Granja São João da Ribeiro LTDA,Granja São João da Ribeiro LTDA,Carlos Ribeiro,144.887.992-81,(65) 88213-3704,granjasãojoãodaribeiro@ruraltec.com.br,Cidade TO,TO,Outra,Trigo / Soja,DIAMOND,3300,Argissolo,Percevejos,Out-Mar
user_463,Agropecuária Boa Vista do Almeida,Agropecuária Boa Vista do Almeida,Vinicius Almeida,010.199.887-21,(57) 72991-0170,agropecuáriaboavistadoalmeida@agrocorp.com.br,Cidade MG,MG,Outra,Algodão,PLATINUM,1700,Neossolo,Cigarrinha,Abr-Ago
user_464,Cooperativa Ouro da Cardoso,Cooperativa Ouro da Cardoso,Mariana Cardoso,924.869.388-95,(62) 65749-9730,cooperativaourodacardoso@fazenda.com.br,Cidade BA,BA,Nordeste,Milho,GOLD,700,Argissolo,Cigarrinha / Nematoides,Nov-Abr
user_465,Sítio Verde do Rocha,Sítio Verde do Rocha,Tatiana Rocha,070.662.282-35,(68) 42831-7774,sítioverdedorocha@ruraltec.com.br,Cidade RJ,RJ,Outra,Algodão,PLATINUM,1800,Argissolo,Lagarta / Ferrugem,Abr-Ago
user_466,Chácara São João do Costa,Chácara São João do Costa,Leonardo Costa,755.372.771-09,(47) 88964-6046,chácarasãojoãodocosta@ruraltec.com.br,Cidade SC,SC,Outra,Milho / Cana-de-Açúcar,DIAMOND,1100,Argissolo,Lagarta / Ferrugem,Set-Fev
user_467,Cooperativa Horizonte do Rocha,Cooperativa Horizonte do Rocha,Clara Rocha,626.424.651-07,(36) 88969-5515,cooperativahorizontedorocha@agrocorp.com.br,Cidade RO,RO,Outra,Trigo,GOLD,2400,Latossolo Amarelo,Cigarrinha,Abr-Ago
user_468,Fazenda Verde da Barbosa,Fazenda Verde da Barbosa,Leonardo Barbosa,592.232.796-03,(21) 33061-8912,fazendaverdedabarbosa@agrocorp.com.br,Cidade RO,RO,Outra,Algodão,DIAMOND,1700,Argissolo,Cigarrinha / Percevejos,Out-Mar
user_469,Cooperativa Verde da Costa,Cooperativa Verde da Costa,Eduardo Costa,938.537.350-97,(87) 60114-2513,cooperativaverdedacosta@agrocorp.com.br,Cidade PR,PR,Sul,Milho,SILVER,2000,Terra Roxa,Ferrugem / Nematoides,Out-Mar
user_47,Sítio Horizonte do Barbosa,Sítio Horizonte do Barbosa,Júlia Barbosa,976.048.210-78,(53) 67253-8980,sítiohorizontedobarbosa@fazenda.com.br,Cidade ES,ES,Outra,Trigo / Milho,SILVER,1400,Argissolo,Ferrugem / Nematoides,Out-Mar
user_470,Sítio São João da Rocha,Sítio São João da Rocha,Renata Rocha,580.509.422-60,(31) 22803-6353,sítiosãojoãodarocha@agrocorp.com.br,Cidade AM,AM,Outra,Algodão / Trigo,PLATINUM,1000,Argissolo,Percevejos,Nov-Abr
user_471,Sítio Esperança do Barbosa EIRELI,Sítio Esperança do Barbosa EIRELI,Gabriel Barbosa,424.882.358-16,(63) 17613-3822,sítioesperançadobarbosa@fazenda.com.br,Cidade PI,PI,Nordeste,Algodão,DIAMOND,1900,Argissolo,Nematoides / Ferrugem,Abr-Ago
user_472,Fazenda Lider do Nascimento Rural,Fazenda Lider do Nascimento Rural,Karen Nascimento,681.375.387-48,(31) 45768-5025,fazendaliderdonascimentorural@ruraltec.com.br,Lucas do Rio Verde,MS,Centro-Oeste,Café / Cana-de-Açúcar,SILVER,1900,Latossolo Amarelo,Nematoides,Abr-Ago
user_473,Chácara Lider da Almeida Rural,Chácara Lider da Almeida Rural,Gabriel Almeida,700.004.258-09,(82) 97518-6311,chácaraliderdaalmeidarural@ruraltec.com.br,Cidade RN,RN,Nordeste,Milho / Café,GOLD,2600,Argissolo,Nematoides,Abr-Ago
user_474,Chácara Verde do Nascimento Agro,Chácara Verde do Nascimento Agro,Eduardo Nascimento,003.732.388-82,(81) 74975-6271,chácaraverdedonascimentoagro@agrocorp.com.br,Cidade AP,AP,Outra,Trigo / Algodão,PLATINUM,600,Latossolo Vermelho,Percevejos / Nematoides,Out-Mar
user_475,Fazenda Progresso da Lima EIRELI,Fazenda Progresso da Lima EIRELI,Olivia Lima,186.662.283-87,(94) 10352-5248,fazendaprogressodalima@ruraltec.com.br,Cidade SE,SE,Outra,Café / Cana-de-Açúcar,DIAMOND,1300,Terra Roxa,Percevejos / Ferrugem,Abr-Ago
user_476,Chácara Verde da Cardoso,Chácara Verde da Cardoso,Daniela Cardoso,727.531.586-59,(28) 56570-1542,chácaraverdedacardoso@agrocorp.com.br,Cidade BA,BA,Nordeste,Algodão / Soja,DIAMOND,1200,Latossolo Vermelho,Lagarta / Ferrugem,Out-Mar
user_477,Cooperativa Horizonte do Barbosa,Cooperativa Horizonte do Barbosa,Eduardo Barbosa,010.048.129-78,(42) 72705-0783,cooperativahorizontedobarbosa@agrocorp.com.br,Cidade AC,AC,Outra,Café,GOLD,2500,Neossolo,Percevejos,Nov-Abr
user_478,Fazenda Verde da Costa & Filhos,Fazenda Verde da Costa & Filhos,Bruno Costa,877.508.491-93,(21) 88100-1615,fazendaverdedacostafilhos@agrocorp.com.br,Cidade TO,TO,Outra,Milho,SILVER,600,Neossolo,Cigarrinha / Nematoides,Out-Mar
user_479,Agropecuária Lider da Melo,Agropecuária Lider da Melo,Tatiana Melo,111.574.891-47,(62) 43512-6589,agropecuárialiderdamelo@ruraltec.com.br,Cidade PI,PI,Nordeste,Café,GOLD,2300,Latossolo Amarelo,Nematoides,Set-Fev
user_48,Agropecuária Verde do Almeida,Agropecuária Verde do Almeida,Nicolas Almeida,769.908.998-90,(89) 72626-2954,agropecuáriaverdedoalmeida@ruraltec.com.br,Cidade BA,BA,Nordeste,Café / Soja,GOLD,1600,Neossolo,Nematoides / Percevejos,Out-Mar
user_480,Sítio São João da Gomes,Sítio São João da Gomes,Clara Gomes,121.847.919-27,(41) 87852-2530,sítiosãojoãodagomes@ruraltec.com.br,Cidade AC,AC,Outra,Algodão / Café,GOLD,700,Terra Roxa,Cigarrinha / Nematoides,Abr-Ago
user_481,Agropecuária Lider do Souza,Agropecuária Lider do Souza,Ana Souza,704.813.564-67,(68) 75732-9947,agropecuárialiderdosouza@agrocorp.com.br,Cidade MG,MG,Outra,Café,SILVER,2200,Latossolo Amarelo,Ferrugem / Nematoides,Out-Mar
user_482,Granja Esperança da Ribeiro Agro,Granja Esperança da Ribeiro Agro,Clara Ribeiro,306.323.954-32,(58) 45243-4951,granjaesperançadaribeiroagro@ruraltec.com.br,Sorriso,GO,Centro-Oeste,Milho,PLATINUM,1200,Neossolo,Lagarta,Set-Fev
user_483,Granja Horizonte do Rocha,Granja Horizonte do Rocha,Clara Rocha,717.498.177-23,(55) 96909-4741,granjahorizontedorocha@agrocorp.com.br,Cidade MA,MA,Outra,Milho / Cana-de-Açúcar,DIAMOND,2800,Latossolo Vermelho,Cigarrinha / Ferrugem,Set-Fev
user_484,Fazenda Verde do Almeida,Fazenda Verde do Almeida,Clara Almeida,237.195.655-12,(66) 29515-7704,fazendaverdedoalmeida@fazenda.com.br,Cidade RS,RS,Outra,Algodão / Soja,PLATINUM,2300,Argissolo,Ferrugem / Nematoides,Set-Fev
user_485,Cooperativa Verde da Rocha,Cooperativa Verde da Rocha,Gabriel Rocha,632.564.214-15,(77) 70317-9865,cooperativaverdedarocha@agrocorp.com.br,Campo Grande,GO,Centro-Oeste,Trigo,DIAMOND,2600,Latossolo Vermelho,Lagarta / Nematoides,Abr-Ago
user_486,Chácara Esperança da Barbosa,Chácara Esperança da Barbosa,Yasmin Barbosa,127.562.520-10,(91) 17259-4547,chácaraesperançadabarbosa@ruraltec.com.br,Cidade SC,SC,Outra,Milho / Cana-de-Açúcar,PLATINUM,2300,Argissolo,Cigarrinha,Out-Mar
user_487,Agropecuária Verde do Ferreira LTDA,Agropecuária Verde do Ferreira LTDA,Rafael Ferreira,527.262.709-45,(16) 57220-2900,agropecuáriaverdedoferreira@agrocorp.com.br,Cidade RS,RS,Outra,Café / Trigo,GOLD,1900,Argissolo,Cigarrinha,Nov-Abr
user_488,Sítio Progresso da Rocha LTDA,Sítio Progresso da Rocha LTDA,Vinicius Rocha,547.664.690-22,(76) 59201-3202,sítioprogressodarocha@agrocorp.com.br,Cidade SP,SP,Sudeste,Soja,PLATINUM,600,Terra Roxa,Ferrugem / Lagarta,Out-Mar
user_489,Granja Ouro da Melo,Granja Ouro da Melo,Vinicius Melo,099.090.576-78,(11) 54334-6754,granjaourodamelo@fazenda.com.br,Cidade CE,CE,Outra,Café / Soja,PLATINUM,2300,Neossolo,Ferrugem / Lagarta,Abr-Ago
user_49,Granja Ouro da Lima,Granja Ouro da Lima,Nicolas Lima,475.087.808-86,(86) 52291-2973,granjaourodalima@agrocorp.com.br,Cidade PE,PE,Nordeste,Café / Milho,GOLD,800,Latossolo Vermelho,Cigarrinha,Set-Fev
user_490,Agropecuária Progresso da Silva,Agropecuária Progresso da Silva,Júlia Silva,053.263.395-63,(56) 20515-7406,agropecuáriaprogressodasilva@fazenda.com.br,Cidade ES,ES,Outra,Soja / Trigo,PLATINUM,1800,Neossolo,Percevejos,Nov-Abr
user_491,Sítio Horizonte do Oliveira,Sítio Horizonte do Oliveira,Ana Oliveira,787.672.832-82,(72) 60280-0351,sítiohorizontedooliveira@fazenda.com.br,Cidade PR,PR,Sul,Soja,GOLD,2300,Terra Roxa,Lagarta,Set-Fev
user_492,Fazenda Esperança da Cardoso Agro,Fazenda Esperança da Cardoso Agro,Bruno Cardoso,010.893.337-32,(71) 25124-3033,fazendaesperançadacardosoagro@agrocorp.com.br,Cidade BA,BA,Nordeste,Café / Algodão,SILVER,800,Latossolo Vermelho,Ferrugem,Set-Fev
user_493,Chácara Lider do Ferreira EIRELI,Chácara Lider do Ferreira EIRELI,Júlia Ferreira,269.261.970-27,(52) 51754-4069,chácaraliderdoferreira@fazenda.com.br,Cidade ES,ES,Outra,Cana-de-Açúcar,DIAMOND,2700,Latossolo Amarelo,Nematoides / Lagarta,Out-Mar
user_494,Chácara Horizonte do Gomes,Chácara Horizonte do Gomes,Carlos Gomes,078.187.690-67,(89) 21832-5872,chácarahorizontedogomes@ruraltec.com.br,Cidade RN,RN,Nordeste,Café / Algodão,SILVER,1600,Argissolo,Nematoides / Percevejos,Set-Fev
user_495,Sítio Horizonte do Pereira,Sítio Horizonte do Pereira,Helena Pereira,615.801.041-63,(69) 20093-7845,sítiohorizontedopereira@ruraltec.com.br,Cidade DF,DF,Outra,Cana-de-Açúcar,SILVER,2200,Argissolo,Nematoides,Out-Mar
user_496,Chácara Esperança da Silva Comércio,Chácara Esperança da Silva Comércio,Samuel Silva,613.574.564-59,(30) 57094-7421,chácaraesperançadasilvacomércio@ruraltec.com.br,Cidade RR,RR,Norte,Trigo / Soja,GOLD,2700,Latossolo Amarelo,Lagarta / Ferrugem,Nov-Abr
user_497,Fazenda Esperança do Ribeiro & Filhos,Fazenda Esperança do Ribeiro & Filhos,Daniela Ribeiro,157.467.120-61,(43) 35014-1778,fazendaesperançadoribeirofilhos@fazenda.com.br,Cidade SC,SC,Outra,Milho,PLATINUM,2300,Terra Roxa,Percevejos,Nov-Abr
user_498,Chácara São João do Pereira,Chácara São João do Pereira,Karen Pereira,081.681.307-02,(60) 76351-5942,chácarasãojoãodopereira@ruraltec.com.br,Cidade RO,RO,Outra,Algodão / Trigo,DIAMOND,3000,Argissolo,Cigarrinha / Lagarta,Abr-Ago
user_499,Chácara Boa Vista da Silva & Filhos,Chácara Boa Vista da Silva & Filhos,Nicolas Silva,711.303.726-74,(88) 19416-8593,chácaraboavistadasilvafilhos@ruraltec.com.br,Cidade MG,MG,Outra,Cana-de-Açúcar,DIAMOND,1000,Neossolo,Nematoides,Set-Fev
user_5,Cooperativa Progresso da Souza,Cooperativa Progresso da Souza,Paulo Souza,885.959.237-24,(74) 89644-4786,cooperativaprogressodasouza@fazenda.com.br,Cidade PA,PA,Norte,Trigo / Soja,GOLD,2200,Neossolo,Lagarta / Ferrugem,Nov-Abr
user_50,Granja Progresso do Oliveira,Granja Progresso do Oliveira,Clara Oliveira,198.704.043-17,(70) 52027-0559,granjaprogressodooliveira@agrocorp.com.br,Cidade RJ,RJ,Outra,Algodão,DIAMOND,2300,Terra Roxa,Percevejos,Abr-Ago
user_500,Sítio Horizonte da Melo,Sítio Horizonte da Melo,Nicolas Melo,816.421.532-90,(37) 59223-2682,sítiohorizontedamelo@ruraltec.com.br,Cidade SC,SC,Outra,Café / Trigo,DIAMOND,3500,Terra Roxa,Percevejos / Ferrugem,Nov-Abr
user_51,Cooperativa Progresso da Melo,Cooperativa Progresso da Melo,Rafael Melo,747.598.586-60,(64) 47118-5479,cooperativaprogressodamelo@fazenda.com.br,Cidade DF,DF,Outra,Cana-de-Açúcar / Milho,DIAMOND,1900,Terra Roxa,Lagarta / Percevejos,Nov-Abr
user_52,Cooperativa Boa Vista da Souza EIRELI,Cooperativa Boa Vista da Souza EIRELI,Nicolas Souza,708.706.566-37,(99) 89941-9972,cooperativaboavistadasouza@ruraltec.com.br,Cidade RO,RO,Outra,Café / Soja,DIAMOND,3300,Neossolo,Cigarrinha / Ferrugem,Nov-Abr
user_53,Fazenda Lider da Martins,Fazenda Lider da Martins,Tatiana Martins,261.000.106-30,(23) 71901-2996,fazendaliderdamartins@fazenda.com.br,Cidade SE,SE,Outra,Café,DIAMOND,2200,Argissolo,Percevejos,Out-Mar
user_54,Sítio Verde do Almeida Rural,Sítio Verde do Almeida Rural,Samuel Almeida,375.675.990-85,(19) 36869-4735,sítioverdedoalmeidarural@agrocorp.com.br,Cidade PA,PA,Norte,Trigo / Soja,DIAMOND,3700,Terra Roxa,Cigarrinha,Abr-Ago
user_55,Granja Horizonte do Martins,Granja Horizonte do Martins,Clara Martins,962.166.883-79,(79) 26404-3582,granjahorizontedomartins@agrocorp.com.br,Cidade SC,SC,Outra,Milho / Algodão,PLATINUM,1400,Argissolo,Cigarrinha / Ferrugem,Out-Mar
user_56,Chácara Ouro da Barbosa EIRELI,Chácara Ouro da Barbosa EIRELI,Leonardo Barbosa,837.239.950-39,(79) 22895-5942,chácaraourodabarbosa@agrocorp.com.br,Cidade SE,SE,Outra,Cana-de-Açúcar,PLATINUM,1700,Latossolo Vermelho,Percevejos / Nematoides,Set-Fev
user_57,Sítio Lider do Ferreira,Sítio Lider do Ferreira,Gabriel Ferreira,040.779.201-39,(60) 44462-9563,sítioliderdoferreira@agrocorp.com.br,Cidade AC,AC,Outra,Algodão / Soja,SILVER,2100,Latossolo Amarelo,Cigarrinha / Lagarta,Out-Mar
user_58,Granja São João da Martins,Granja São João da Martins,Vinicius Martins,211.990.823-51,(64) 27194-2569,granjasãojoãodamartins@agrocorp.com.br,Lucas do Rio Verde,MT,Centro-Oeste,Cana-de-Açúcar,GOLD,900,Latossolo Vermelho,Nematoides,Set-Fev
user_59,Fazenda São João do Gomes Comércio,Fazenda São João do Gomes Comércio,Daniela Gomes,125.337.033-89,(66) 23002-9135,fazendasãojoãodogomescomércio@fazenda.com.br,Lucas do Rio Verde,MS,Centro-Oeste,Milho / Trigo,GOLD,2900,Neossolo,Nematoides / Cigarrinha,Out-Mar
user_6,Sítio Ouro da Oliveira,Sítio Ouro da Oliveira,Júlia Oliveira,792.392.054-72,(93) 58262-4009,sítioourodaoliveira@ruraltec.com.br,Cidade PI,PI,Nordeste,Café / Cana-de-Açúcar,DIAMOND,1300,Latossolo Vermelho,Percevejos,Out-Mar
user_60,Fazenda Verde da Rocha,Fazenda Verde da Rocha,Renata Rocha,410.610.639-33,(81) 81982-8047,fazendaverdedarocha@fazenda.com.br,Cidade CE,CE,Outra,Cana-de-Açúcar / Algodão,GOLD,1400,Latossolo Vermelho,Cigarrinha,Set-Fev
user_61,Cooperativa Horizonte da Silva Agro,Cooperativa Horizonte da Silva Agro,Vinicius Silva,321.379.497-04,(13) 29585-2067,cooperativahorizontedasilvaagro@agrocorp.com.br,Cidade RS,RS,Outra,Soja,DIAMOND,2300,Argissolo,Cigarrinha,Nov-Abr
user_62,Agropecuária São João da Silva,Agropecuária São João da Silva,Fernanda Silva,343.624.330-28,(79) 15046-4276,agropecuáriasãojoãodasilva@fazenda.com.br,Cidade RS,RS,Outra,Algodão,DIAMOND,900,Latossolo Amarelo,Cigarrinha,Set-Fev
user_63,Cooperativa São João da Melo & Filhos,Cooperativa São João da Melo & Filhos,Eduardo Melo,748.238.744-71,(35) 62698-8249,cooperativasãojoãodamelofilhos@ruraltec.com.br,Cidade RN,RN,Nordeste,Café,DIAMOND,3300,Terra Roxa,Nematoides / Lagarta,Set-Fev
user_64,Cooperativa Progresso da Rocha,Cooperativa Progresso da Rocha,Gabriel Rocha,127.886.161-40,(48) 56199-5644,cooperativaprogressodarocha@agrocorp.com.br,Cidade PR,PR,Sul,Trigo,GOLD,2900,Argissolo,Cigarrinha / Nematoides,Out-Mar
user_65,Chácara São João da Ferreira,Chácara São João da Ferreira,Carlos Ferreira,490.333.029-09,(99) 86440-2956,chácarasãojoãodaferreira@agrocorp.com.br,Campo Grande,MS,Centro-Oeste,Algodão / Trigo,SILVER,1600,Neossolo,Percevejos / Ferrugem,Out-Mar
user_66,Sítio Verde da Oliveira,Sítio Verde da Oliveira,Vinicius Oliveira,969.216.805-33,(56) 24763-6226,sítioverdedaoliveira@agrocorp.com.br,Cidade RS,RS,Outra,Soja,DIAMOND,1100,Argissolo,Lagarta / Cigarrinha,Out-Mar
user_67,Cooperativa Verde do Silva,Cooperativa Verde do Silva,Igor Silva,130.750.501-97,(20) 65361-2009,cooperativaverdedosilva@fazenda.com.br,Cidade RN,RN,Nordeste,Café / Milho,SILVER,1000,Argissolo,Lagarta / Nematoides,Set-Fev
user_68,Chácara Ouro do Costa & Filhos,Chácara Ouro do Costa & Filhos,Paulo Costa,412.357.579-60,(37) 56781-7912,chácaraourodocostafilhos@fazenda.com.br,Lucas do Rio Verde,GO,Centro-Oeste,Trigo,GOLD,1900,Neossolo,Lagarta,Abr-Ago
user_69,Sítio Verde do Gomes,Sítio Verde do Gomes,Renata Gomes,415.623.733-81,(43) 89047-2831,sítioverdedogomes@fazenda.com.br,Campo Grande,GO,Centro-Oeste,Algodão / Cana-de-Açúcar,DIAMOND,800,Latossolo Vermelho,Ferrugem,Nov-Abr
user_7,Sítio Esperança do Lima Agro,Sítio Esperança do Lima Agro,Olivia Lima,371.495.784-31,(35) 42105-3414,sítioesperançadolimaagro@fazenda.com.br,Cidade RR,RR,Norte,Soja,PLATINUM,900,Latossolo Vermelho,Ferrugem / Cigarrinha,Out-Mar
user_70,Fazenda Lider do Silva,Fazenda Lider do Silva,Vinicius Silva,676.099.379-86,(36) 11365-3953,fazendaliderdosilva@fazenda.com.br,Goiânia,MS,Centro-Oeste,Milho,DIAMOND,2900,Neossolo,Percevejos / Cigarrinha,Abr-Ago
user_71,Granja Progresso do Martins,Granja Progresso do Martins,Mariana Martins,904.716.653-73,(38) 74763-3142,granjaprogressodomartins@agrocorp.com.br,Cidade AM,AM,Outra,Soja / Algodão,GOLD,2600,Latossolo Amarelo,Nematoides / Lagarta,Nov-Abr
user_72,Granja Horizonte do Ferreira,Granja Horizonte do Ferreira,Eduardo Ferreira,834.117.268-40,(32) 94467-1043,granjahorizontedoferreira@fazenda.com.br,Lucas do Rio Verde,GO,Centro-Oeste,Soja / Milho,PLATINUM,1100,Neossolo,Nematoides,Abr-Ago
user_73,Agropecuária Ouro da Melo,Agropecuária Ouro da Melo,Yasmin Melo,531.618.539-83,(27) 68670-2536,agropecuáriaourodamelo@agrocorp.com.br,Cidade RN,RN,Nordeste,Cana-de-Açúcar,GOLD,1000,Neossolo,Ferrugem / Percevejos,Set-Fev
user_74,Sítio São João do Souza,Sítio São João do Souza,Ana Souza,900.876.168-08,(73) 82418-4297,sítiosãojoãodosouza@ruraltec.com.br,Cidade PA,PA,Norte,Trigo,GOLD,1100,Latossolo Vermelho,Ferrugem,Set-Fev
user_75,Granja Progresso da Cardoso,Granja Progresso da Cardoso,Tatiana Cardoso,200.877.779-35,(42) 84624-4342,granjaprogressodacardoso@fazenda.com.br,Cidade DF,DF,Outra,Trigo,SILVER,2200,Argissolo,Lagarta / Ferrugem,Out-Mar
user_76,Cooperativa Horizonte da Cardoso Rural,Cooperativa Horizonte da Cardoso Rural,Eduardo Cardoso,541.590.508-61,(72) 51094-1590,cooperativahorizontedacardosorural@fazenda.com.br,Cidade PI,PI,Nordeste,Algodão,PLATINUM,1400,Argissolo,Cigarrinha / Percevejos,Nov-Abr
user_77,Fazenda Verde do Almeida,Fazenda Verde do Almeida,Gabriel Almeida,429.822.058-01,(13) 95769-4251,fazendaverdedoalmeida@agrocorp.com.br,Goiânia,MS,Centro-Oeste,Trigo,DIAMOND,3300,Latossolo Amarelo,Nematoides / Ferrugem,Set-Fev
user_78,Sítio Verde do Costa,Sítio Verde do Costa,Nicolas Costa,812.665.323-08,(72) 58126-8587,sítioverdedocosta@ruraltec.com.br,Rondonópolis,MS,Centro-Oeste,Café,PLATINUM,2300,Terra Roxa,Lagarta,Set-Fev
user_79,Cooperativa Esperança do Cardoso EIRELI,Cooperativa Esperança do Cardoso EIRELI,Mariana Cardoso,763.099.047-51,(27) 11289-8559,cooperativaesperançadocardoso@ruraltec.com.br,Cidade ES,ES,Outra,Algodão / Soja,DIAMOND,3100,Latossolo Vermelho,Ferrugem,Out-Mar
user_8,Chácara Lider da Ribeiro Agro,Chácara Lider da Ribeiro Agro,Igor Ribeiro,611.174.458-41,(87) 92005-7648,chácaraliderdaribeiroagro@ruraltec.com.br,Cidade DF,DF,Outra,Cana-de-Açúcar,GOLD,1900,Argissolo,Cigarrinha / Nematoides,Abr-Ago
user_80,Cooperativa Verde do Barbosa & Filhos,Cooperativa Verde do Barbosa & Filhos,Igor Barbosa,133.373.949-33,(28) 27825-0404,cooperativaverdedobarbosafilhos@fazenda.com.br,Cidade PR,PR,Sul,Milho / Soja,PLATINUM,600,Neossolo,Cigarrinha,Abr-Ago
user_81,Agropecuária Esperança da Rocha,Agropecuária Esperança da Rocha,Olivia Rocha,981.735.539-85,(52) 50192-2487,agropecuáriaesperançadarocha@agrocorp.com.br,Cidade PI,PI,Nordeste,Soja / Cana-de-Açúcar,PLATINUM,500,Neossolo,Lagarta / Percevejos,Out-Mar
user_82,Agropecuária Esperança do Souza,Agropecuária Esperança do Souza,Vinicius Souza,378.220.250-69,(61) 51074-5267,agropecuáriaesperançadosouza@fazenda.com.br,Cidade TO,TO,Outra,Milho,PLATINUM,800,Terra Roxa,Ferrugem / Percevejos,Nov-Abr
user_83,Sítio Ouro do Ferreira,Sítio Ouro do Ferreira,Leonardo Ferreira,611.433.874-72,(33) 13636-3871,sítioourodoferreira@agrocorp.com.br,Cidade TO,TO,Outra,Soja,SILVER,2300,Terra Roxa,Ferrugem / Cigarrinha,Set-Fev
user_84,Granja Progresso da Ribeiro,Granja Progresso da Ribeiro,Bruno Ribeiro,240.882.844-58,(49) 23051-0556,granjaprogressodaribeiro@fazenda.com.br,Cidade AP,AP,Outra,Café,PLATINUM,500,Latossolo Amarelo,Percevejos,Nov-Abr
user_85,Sítio Ouro da Barbosa,Sítio Ouro da Barbosa,Eduardo Barbosa,807.129.855-79,(77) 28021-2509,sítioourodabarbosa@fazenda.com.br,Cidade SP,SP,Sudeste,Algodão,PLATINUM,2100,Terra Roxa,Percevejos,Set-Fev
user_86,Granja Progresso da Souza Agro,Granja Progresso da Souza Agro,Carlos Souza,076.818.846-29,(94) 46565-8406,granjaprogressodasouzaagro@agrocorp.com.br,Cidade DF,DF,Outra,Soja,SILVER,2100,Argissolo,Percevejos / Nematoides,Nov-Abr
user_87,Fazenda Esperança da Ribeiro EIRELI,Fazenda Esperança da Ribeiro EIRELI,Fernanda Ribeiro,875.075.529-95,(21) 89484-1739,fazendaesperançadaribeiro@fazenda.com.br,Cidade PI,PI,Nordeste,Milho,SILVER,1400,Latossolo Vermelho,Nematoides,Nov-Abr
user_88,Granja Ouro do Rocha,Granja Ouro do Rocha,Samuel Rocha,007.372.416-93,(69) 57975-0129,granjaourodorocha@agrocorp.com.br,Cidade PR,PR,Sul,Soja,SILVER,700,Argissolo,Percevejos / Lagarta,Nov-Abr
user_89,Chácara Boa Vista do Ferreira,Chácara Boa Vista do Ferreira,Eduardo Ferreira,416.931.699-64,(68) 90792-7060,chácaraboavistadoferreira@fazenda.com.br,Cidade RS,RS,Outra,Cana-de-Açúcar / Milho,PLATINUM,1800,Latossolo Vermelho,Lagarta / Percevejos,Nov-Abr
user_9,Fazenda Horizonte do Almeida,Fazenda Horizonte do Almeida,Renata Almeida,939.452.932-32,(98) 55100-2390,fazendahorizontedoalmeida@agrocorp.com.br,Cidade AC,AC,Outra,Soja,SILVER,1500,Terra Roxa,Nematoides / Percevejos,Out-Mar
user_90,Fazenda Progresso da Martins,Fazenda Progresso da Martins,Olivia Martins,439.290.153-74,(25) 68978-0539,fazendaprogressodamartins@agrocorp.com.br,Cidade RN,RN,Nordeste,Algodão,DIAMOND,2000,Terra Roxa,Ferrugem / Percevejos,Abr-Ago
user_91,Agropecuária São João da Souza,Agropecuária São João da Souza,Tatiana Souza,317.479.556-04,(88) 18748-0971,agropecuáriasãojoãodasouza@fazenda.com.br,Cidade AP,AP,Outra,Café,SILVER,500,Argissolo,Lagarta,Out-Mar
user_92,Cooperativa Esperança do Nascimento,Cooperativa Esperança do Nascimento,Igor Nascimento,688.926.395-85,(77) 77702-5338,cooperativaesperançadonascimento@ruraltec.com.br,Cidade PE,PE,Nordeste,Café,PLATINUM,600,Latossolo Amarelo,Ferrugem,Set-Fev
user_93,Agropecuária Progresso da Costa,Agropecuária Progresso da Costa,Helena Costa,756.534.326-99,(15) 43215-0039,agropecuáriaprogressodacosta@fazenda.com.br,Cidade MA,MA,Outra,Trigo / Cana-de-Açúcar,GOLD,3000,Terra Roxa,Lagarta / Percevejos,Abr-Ago
user_94,Granja Progresso do Ferreira,Granja Progresso do Ferreira,Mariana Ferreira,299.690.201-71,(91) 44708-2395,granjaprogressodoferreira@agrocorp.com.br,Cidade SC,SC,Outra,Soja / Algodão,GOLD,900,Latossolo Vermelho,Cigarrinha / Ferrugem,Abr-Ago
user_95,Chácara Boa Vista do Costa Comércio,Chácara Boa Vista do Costa Comércio,Olivia Costa,768.044.824-74,(84) 62693-0090,chácaraboavistadocostacomércio@fazenda.com.br,Cidade PA,PA,Norte,Algodão,PLATINUM,2300,Latossolo Amarelo,Lagarta / Ferrugem,Nov-Abr
user_96,Sítio Progresso do Pereira,Sítio Progresso do Pereira,Yasmin Pereira,766.972.284-78,(31) 64381-3030,sítioprogressodopereira@agrocorp.com.br,Cidade PE,PE,Nordeste,Cana-de-Açúcar,SILVER,2300,Argissolo,Percevejos / Ferrugem,Abr-Ago
user_97,Agropecuária Horizonte da Ferreira,Agropecuária Horizonte da Ferreira,Leonardo Ferreira,654.669.124-54,(80) 67458-9409,agropecuáriahorizontedaferreira@fazenda.com.br,Cidade MG,MG,Outra,Algodão / Milho,PLATINUM,900,Terra Roxa,Ferrugem / Cigarrinha,Nov-Abr
user_98,Sítio Horizonte do Rocha,Sítio Horizonte do Rocha,Ana Rocha,398.625.854-34,(37) 44714-7022,sítiohorizontedorocha@ruraltec.com.br,Cidade RO,RO,Outra,Cana-de-Açúcar / Algodão,PLATINUM,1200,Terra Roxa,Nematoides / Ferrugem,Nov-Abr
user_99,Cooperativa São João da Ferreira,Cooperativa São João da Ferreira,Daniela Ferreira,972.678.515-87,(68) 89806-6163,cooperativasãojoãodaferreira@ruraltec.com.br,Cidade RJ,RJ,Outra,Soja / Cana-de-Açúcar,PLATINUM,2300,Neossolo,Percevejos / Lagarta,Nov-Abr
